,PUBCHEM_CID,PUBCHEM_EXT_DATASOURCE_SMILES,PUBCHEM_ACTIVITY_OUTCOME
198195,2429802.0,CC1=CC(=C(N1CC2=CC=CO2)C)C(=O)COC(=O)C3=CC=NC=C3,Inactive
43782,654938.0,CCOC(=O)C1=C(N2C(=C(C(=N2)C)C3=CC=CC=C3)N=C1)N,Inactive
199204,4876732.0,CCC(C)N(C1CCS(=O)(=O)C1)C(=O)CSC2=CC=C(C=C2)NC(=O)C,Inactive
329543,16009567.0,CC1CN(CCN1C2=CC=C(C=C2)C)C(=O)C3CCN(CC3)S(=O)(=O)C4=CC5=C(C=C4)N(C(=O)O5)C,Inactive
175671,6603109.0,CCC(C1=NN=NN1CC2=CC=CS2)N3CCN(CC3)C4CCCC4.Cl,Inactive
171517,645243.0,CCOC(=O)N1CCN(CC1)S(=O)(=O)C2=C(C=C(C=C2C)C)C,Inactive
285499,24816513.0,C1CCN(CC1)C(=O)C2(CC=CC2)S(=O)(=O)C3=CC=CC=C3,Inactive
178394,661391.0,C1CC1C(=O)C2=C(C3=CC=CC=C3O2)NC(=O)CSCCC(=O)O,Inactive
147183,995523.0,CC1=CC=C(C=C1)C2=NC3=C(C=NN3C(=C2)C(F)F)C(=O)NC4=CC=C(C=C4)S(=O)(=O)NC5=CC=CC=C5C,Inactive
137980,3763290.0,CC(C)N(C(C)C)C(=O)C(=O)C1=CC=CN1C2=CC=CC=C2C#N,Inactive
265929,3597986.0,COC(=O)C1=CC(=C(C=C1)N2CCN(CC2)S(=O)(=O)C3=CC=CC=C3)[N+](=O)[O-],Inactive
267782,3744897.0,CCOC1=CC=CC=C1C2C3=CC4=C(C=C3NC5=C2C(=O)OC5)OCO4,Inactive
280549,7526328.0,COC1=C(C=C(C=C1)S(=O)(=O)NC2=CC3=C4C(=C2)CCN4C(=O)CC3)OC,Inactive
299672,3247252.0,COC(=O)[C@]1([C@@H]2[C@@H](CC3=C2C=C(N3CC4CC4)C(=O)N5CCCC5)CN1C(=O)C6=CC=CC=C6)CC7=CC=C(C=C7)F,Inactive
288489,352495.0,C1CN(C(=O)N(C1=O)Cl)Cl,Inactive
138481,947086.0,CC1=C(C(=C2C(=N1)C3=CC=CC=C3C2=O)C4=CC=C(C=C4)OC)C#N,Inactive
279056,18575190.0,CCNC1=NC2=NN=C(N2C(=N1)NCC)SCC(=O)NC3=CC=C(C=C3)NC(=O)C,Inactive
233162,49778592.0,CC(=O)NC1=CC=CC(=C1)C2=C3CC(OC3=NC=C2)(C)C(=O)NC4=CC=C(C=C4)Cl,Inactive
283253,5219690.0,CC1=CSC2=NC=C(C(=O)N12)C(=O)NCC3=CC=CC=N3,Inactive
26424,149241.0,C1=CC=C2C(=C1)C(=C3C=CC=CC3=N2)NC4=CC=CC(=C4)C(=O)O,Inactive
229981,135512265.0,CC(C(=O)NCC1=CC=C(C=C1)F)N=C2C3=CC=CC=C3S(=O)(=O)N2,Inactive
51149,3387577.0,CCC1=C(C(=CC=C1)CC)NC(=S)N(CCN(C)C)C(C)C2=CN=CC=C2,Inactive
198768,2574711.0,CC(C)CN1C(=O)C(=O)N(C1=O)CC(=O)N2CCC(CC2)CC3=CC=CC=C3,Inactive
163813,2962140.0,CCOC(=O)C1=C(NC(=O)C1(C(F)(F)F)NC(=O)C2=CN=CC=C2)C,Inactive
281015,7593190.0,COC1=CC(=CC(=C1)C(=O)NC2=CC=CC(=C2)C3=NN=C(C=C3)N4CCOCC4)OC,Inactive
333888,1122404.0,COC1=CC=CC=C1CN2CCN(CC2)C(=O)C3=CC=CC4=CC=CC=C43,Inactive
330992,16022278.0,COC1=CC(=CC(=C1OC)OC)C(CC(=O)NC2=C(C=C(C=C2)F)F)N3CC4=CC=CC=C4C3=O,Inactive
267134,3800287.0,CCCCS(=O)C1=C(N=NS1)C,Inactive
335422,135550926.0,CC1CCCCC1NC(=O)C(C)OC(=O)CCCN=C2C3=CC=CC=C3S(=O)(=O)N2,Inactive
235096,49790013.0,CCNC(=S)NC1=CC2=C(C=C1)N(N(C2=O)C)CC3=CC=C(C=C3)Cl,Inactive
292611,2921.0,CC1CC=CC2C(C(=C)C(C3C2(C(C=CC(C1)(C)O)OC(=O)C)C(=O)NC3CC4=CC=CC=C4)C)O,Inactive
237531,49795289.0,CC(=O)C1=CC=CC(=C1)C2=C3CC(OC3=NC=C2)C(=O)NCC4=CC=CC=C4,Inactive
144868,3967407.0,CC1=CC(=CC=C1)N2C(=O)C3C(C2=O)C4(C(=O)C5=CC=CC=C5C4=O)OC3C6=CC=CC=C6,Inactive
61682,3240872.0,C1CCCN(CC1)CCCNC(=O)CCN2C(=O)C=CC(=N2)C3=CC=C(C=C3)Cl,Inactive
271258,365206.0,CC1=CC(=NN1C2=C3C=CC(=CC3=NC=C2)Cl)C,Inactive
47667,3109038.0,C1=CC=C(C=C1)CNC(=O)C(CC2=CC=C(C=C2)Cl)CC(=O)O,Inactive
164820,762206.0,CCN1C(=NN=C1SCC(=O)O)CC2=CC=CC=C2,Inactive
171036,2294288.0,CCCCOC1=CC=C(C=C1)CC2C(=O)N(C(=O)N(C2=O)C)C,Inactive
39468,3174311.0,CC(C(=O)NC1CCCCC1)N(CC2=CC=C(C=C2)F)C(=O)C3=C(C(=NS3)C(=O)N)N,Inactive
261061,1716838.0,C1=CC=C(C(=C1)C(=O)NC(C(F)(F)F)(C(F)(F)F)NC2=NC3=C(S2)C=C(C=C3)[N+](=O)[O-])Cl,Inactive
359578,135576611.0,CC1=CC(=O)NC(=N1)N/N=C(\C)/C2=CC=C(C=C2)N3C=CN=C3,Inactive
193868,4635383.0,CC1=CN=C(C=N1)C(=O)OCC(=O)NC(C)CCC2=CC=CC=C2,Inactive
292894,428373.0,CCC(C)C1C(=O)N(C(C(=O)N(C(C(=O)NCCC(=O)OC(C(=O)N2CCCC2C(=O)N1)CC(C)C)C)C)C(C)C)C,Inactive
293591,262998.0,CC(C1=CC=CC=C1)NC2=C(C=C(C=C2)[N+](=O)[O-])[N+](=O)[O-],Inactive
337709,16291902.0,CC1=CC=C(C=C1)/C=C/S(=O)(=O)NCC(=O)OCC(=O)NC2=CC=C(C=C2)C(=O)N,Inactive
284559,11958585.0,CC1=CC=CC=C1SCC2=NOC(=C2C(=O)O)C(=O)NCCOC,Inactive
297416,16746434.0,COC1=CC(=C(C(=C1)OC)C(CCN2CCCCC2)C3=CC4=C(C=C3)OCO4)O,Inactive
139487,1956223.0,CCCC1=NC2=C(C3=C1COC(C3)(C)C)C4=C(O2)C(=NC=N4)OC,Inactive
357753,16195270.0,C1=CC(=C(C=C1N)C(=O)O)N.Cl,Inactive
218607,16317361.0,CC(C)CN(C1CCS(=O)(=O)C1)C(=O)CN2C=CC=CC2=O,Inactive
74238,16017736.0,CN1C2=C(CS(=O)(=O)C3=CC=CC=C32)C(=N1)C(=O)N4CCN(CC4)C5=CC=CC=C5F,Inactive
109089,763094.0,CN1CCN(CC1)CC(=O)NC2=CC=C(C=C2)OC3=CC=CC=C3,Inactive
99379,1301524.0,COC1=C(C=C(C=C1)CNC(=O)C2=C(C=CC(=C2)SC)Cl)OC,Inactive
217359,16326130.0,CC1=C(C(=CC=C1)C)NC(=O)CN(C)C(=O)C2CC(=O)N(C2)C3=CC=CC4=CC=CC=C43,Inactive
221300,16315672.0,CC1=C(C(=NN1C2CCS(=O)(=O)C2)C)CN(C)C(=O)C3=CC=C(C=C3)Cl,Inactive
95509,2190906.0,C/C(=C\C1=CC=CC=C1)/C(=O)NCC2=CC=CO2,Inactive
152681,227383.0,C1C(=O)C=C(C1(C2=CC=CC=C2)O)C3=CC=CC=C3,Inactive
310606,829835.0,CC(C)N(C(C)C)S(=O)(=O)C1=CN=C(C=C1)OC(C)C,Inactive
83845,6603583.0,CC1=CC=C(S1)CNC2=CC=C(C=C2)N3CCN(CC3)C(=O)C.Cl,Inactive
350911,53300191.0,CCCCCCCCN1C2=CCCCC[C@@]2(C[C@H](C1=O)CC(=O)N3CCSCC3)C(=O)OC,Inactive
358,5281727.0,COC1=CC(=CC(=C1)/C=C/C2=CC=C(C=C2)O)OC,Inactive
63915,903798.0,CC1=CC=C(C=C1)C(=O)N2CCN(CC2)C3=NC=CC=N3,Inactive
120310,15944368.0,C1=CC=NC(=C1)NC(=O)CSC2=NN=C(O2)COC3=C(C=C(C=C3)Cl)Cl,Inactive
298327,24761229.0,CC1=C(C(=NO1)C2=CC(=C(C(=C2)OC)OC)OC)C#CC3=NC=CN3C,Inactive
296707,51359302.0,CC1=CC=C(C=C1)S(=O)(=O)N2[C@H]3C[C@H](N(C[C@H]3C(=O)C[C@H]2C4=CC=C(C=C4)Cl)S(=O)(=O)C5=CC=CC=C5C)C6=CC=C(C=C6)Cl,Inactive
354513,44247219.0,CN(C[C@@H]1[C@H]2[C@H](C(=O)N(C2=O)CC3=CC=CC=C3)[C@](N1)(CC4=CC=CC=C4)C(=O)OC)C(=O)NC5=CC=C(C=C5)Cl.C(=O)(C(F)(F)F)O,Inactive
223402,2337905.0,C1OC2=C(O1)C=C(C=C2)C(=O)OCC(=O)NC3=CC=CC=C3C#N,Inactive
287519,24433.0,CCCCOC(=O)C1=CC=CC=C1N,Inactive
91582,2290834.0,COC1=CC=C(C=C1)N/C=C/C(=O)C2=CC=C(C=C2)Cl,Inactive
312139,992681.0,CCCC1=CC2=C(C=C1NC(=O)C3=CC=C(C=C3)Br)OCO2,Inactive
145528,2768227.0,CCN1C(=NN=C1SCC2=CC(=CC=C2)OC)C3=C(N(N=C3)C4=CC=CC=C4)C(F)(F)F,Inactive
75253,22548729.0,CC1=CC(=CC=C1)NC(=O)C2CCN(CC2)S(=O)(=O)C3=CC4=C(C=C3)OCC(=O)N4,Inactive
142809,7858789.0,CC(C)[C@@H](C(=O)NC1CCCCCC1)NC(=O)C2=CC(=C(C(=C2)OC)OC)OC,Inactive
2840,2858454.0,C1C=CCC2C1C(=O)N(C2=O)C3=CC=CC(=C3)C(=O)O,Inactive
344384,24982295.0,CC1=C(C=C(C=C1)S(=O)(=O)NC2=CC=CC(=C2)C(=O)N3CCN(CC3)C4=CC=CC=C4O)F,Inactive
223340,2102515.0,COC1=CC(=CC(=C1OC)OC)CCC(=O)NC2=CC=C(C=C2)S(=O)(=O)N3CCOCC3,Inactive
313371,1234709.0,COC1=CC=C(C=C1)CC(=O)NC2=CC(=CC=C2)SC,Inactive
72586,20912398.0,CCCN(C1=CC=C(C=C1)F)C(=O)C2CCCN(C2)C3=NC=NC4=C3N=C5N4CCCCC5,Inactive
344230,24687197.0,C1COCCN1C2=NC(=CS2)C(=O)NNC(=O)C3=CC(=NC4=CC=CC=C43)C5=CC=C(C=C5)Cl,Inactive
178627,661775.0,CC1=CC2=C(C(C(=C(O2)N)C#N)C3=CC=NC=C3)C(=O)N1CCN(C)C,Inactive
216415,16301878.0,CC(C(=O)N1CCC2=CC=CC=C21)OC(=O)C3=CC(=CC=C3)[N+](=O)[O-],Inactive
19744,3013233.0,CC1=CC(=NC(=N1)NC(=NCCC2=CC=C(C=C2)OC)N)C,Inactive
194325,2170628.0,C1=CC=C(C=C1)C2=CC=C(C=C2)NC(=O)CCl,Inactive
3590,3100695.0,CC(C)OCC1CC(C(=O)O1)CC(=O)NC(=S)NC2=CC(=CC=C2)[N+](=O)[O-],Inactive
256028,3658092.0,CN1CCN(CC1)C2=CC=C(C=C2)NC(=S)NC(=O)C3=CC=CC4=C3C=CC=C4Cl,Inactive
110833,2945720.0,CC1=CC(=NC(=N1)SC2CC(=O)N(C2=O)C3=CC(=CC(=C3)C(=O)OC)C(=O)OC)C,Inactive
251601,2000582.0,CCOC1=CC(=C(C=C1)C2=NC(=NC=C2C3=CC=C(C=C3)Cl)N)O,Inactive
134499,1316301.0,CC1=CC(=CC=C1)N(CC(=O)NC2=CC=C(C=C2)NC(=O)C)S(=O)(=O)C,Inactive
363134,1941538.0,CC(=O)NC1=NN(C(=N1)NC(=O)C(Cl)(Cl)Cl)C2=CC=CC=C2,Inactive
293354,387352.0,C1CN(CCNCCN(CCN1)CC(=O)O)CC(=O)O.Cl,Inactive
112417,23723855.0,CS(=O)(=O)N1CCC(CC1)OC2=CC=CC(=C2)C(=O)N(CC=C)CC#C,Inactive
333528,24207945.0,CC(C)COC(=O)N1CC(CC1C(=O)NC2=CC3=C(C=C2)OCO3)O,Inactive
62579,3243127.0,CC1=CC=C(C=C1)NC(=O)C2=C(N(N=N2)C3=CC(=CC(=C3)C)C)N,Inactive
255521,7692493.0,COC1=CC=CC(=C1)NC(=O)CCCCCN2C(=O)[C@@H]3CC4=CC=CC=C4CN3C2=O,Inactive
160564,3245798.0,CN1CCN(CC1)CCCNC(=O)C2CCN(CC2)C3=NN=C(S3)N4C=CC=C4,Inactive
103865,16190133.0,CC1=CC=CN2C1=NC(=C2CN(C)CC3CC4=CC=CC=C4O3)C(=O)N5CCCCC5,Inactive
373029,2811514.0,CC1=CC=C(C=C1)S(=O)(=O)N2CCCN(CC2)C3=NC=CC(=N3)C(F)(F)F,Inactive
199483,5219342.0,CC1=CC=NC2=NC(=NN12)C(=O)OCC(=O)C3=C(N(C(=C3)C)CC4CCCO4)C,Inactive
3478,764686.0,C1COCCN1C(=O)C2=CC(=CC=C2)NC(=O)C3=CC=CC=C3,Inactive
8339,1167408.0,C1CCC(CC1)N(C2=CC=CC=N2)C(=O)COC3=C(C=C(C=C3)Cl)Cl,Inactive
264329,3838273.0,C1=CC=C(C=C1)C2=C(SN=N2)S(=O)(=O)C3=CC(=C(C=C3)Cl)Cl,Inactive
60106,3236883.0,C1C2C=CC1C3C2C(=O)N(C3=O)CNC(=O)NC4=CC=CC=N4,Inactive
243277,4678256.0,C1CC(CCC1C(=O)NC2=CC=C(C=C2)CC3=CC=NC=C3)N4C(=O)C5C6C=CC(C5C4=O)C7C6C7,Inactive
282,5282759.0,CCCCCCC/C=C\CCCCCCCCC(=O)O,Inactive
216207,4802979.0,CCCCN1C(=O)C2=CC=CC=C2C(=N1)C(=O)NC3=C(N(N(C3=O)C4=CC=CC=C4)C)C,Inactive
129349,53301666.0,C1COC2=C(O1)C=CC(=C2)N3C(=NN=N3)C4C5=CC=CC=C5C(=O)N4CC6=CC7=C(C=C6)OCO7,Inactive
101818,1616060.0,CS(=O)(=O)N1CCN(CC1)C2=CC=C(C=C2)NC(=S)NC(=O)C3=CC=CS3,Inactive
314286,852542.0,CCNC1=NC(=C(N=C1C#N)CN(C2=CC=CC=C2)C(=O)C)C,Inactive
167287,912697.0,C1=CC=C(C=C1)CC2=NC(=NO2)CC3=CC(=C(C=C3)Cl)Cl,Inactive
45253,4621994.0,CC1CCCCC1NC(=O)C2=C(C=CC(=C2)S(=O)(=O)N3CC(CC(C3)C)C)F,Inactive
63692,3245880.0,CN(C)C1=CC=C(C=C1)C2N(CCN2S(=O)(=O)C3=CC=CC=C3)C(=O)N4CCOCC4,Inactive
284339,51361333.0,CC(C)N1C(=O)C2=CC=CC=C2N1CC3=CN(N=N3)CC4=CC=CS4,Inactive
301954,53301782.0,C1CCC(CC1)CN2[C@@H](CNC(=O)C2=O)CCCCN3CCN(C(=O)C3=O)CCC4=CC=CC=C4,Inactive
114043,6469424.0,CC(=O)NC1=CC=C(C=C1)S(=O)(=O)N2CCN(CC2)CCC3=CC=CC=C3,Inactive
327092,3149815.0,CCCOC1=CC=C(C=C1)C2=NC3=CC=CC=C3C(=O)O2,Inactive
131067,1153704.0,CCN1C(=NN=C1SCC(=O)NC2=CC=CC3=CC=CC=C32)CSC4=NC(=CC(=N4)C)C,Inactive
179818,664033.0,CC1(CCCN(C1)C(=O)C2=COC(=O)C(=C2)Br)C,Inactive
257160,535852.0,C1CN2CCC1C(C2)(C3=CC=C(C=C3)N)C4=CC=C(C=C4)N,Inactive
329653,16009693.0,CCC1=CC=C(C=C1)N2C(=O)C3=C(C4=CC=CC=C4S3)N(C2=O)CC5=CC(=CC=C5)F,Inactive
49271,3528924.0,CC1=CC=CC=C1NC(=S)N(CCOC)C(C)C2=CC=CS2,Inactive
285182,23640827.0,CC1(CC(=NO1)C2=CC=C(C=C2)Cl)C3=NN=C(O3)C4=CC=NC=C4,Inactive
108879,1248979.0,CC1=C(C=C(C=C1)C(=O)N2CCN(CC2)C3=CC=CC=C3)S(=O)(=O)N4CCCC4,Inactive
271228,1475120.0,COC(=O)COC1=CC=C(C=C1)C2=NC=CC(=N2)C3=CC=C(C=C3)Br,Inactive
66797,6058877.0,CCN1C(=O)/C(=C\C2=C(C(=CC=C2)OC)OC3=C(C=C(C=C3)[N+](=O)[O-])[N+](=O)[O-])/SC1=S,Inactive
277360,7295509.0,CC1=CC2=C(C=C1OC(=O)N(C)C)C(=CC(=O)O2)C3=CC4=CC=CC=C4O3,Inactive
305736,44143917.0,COC1=C(C=C(C=C1)C2=C([C@H]3CC[C@@H](C2)N3C(=O)NC4CCCCC4)C(=O)OC)OC,Inactive
130056,737721.0,COC1=CC=C(C=C1)S(=O)(=O)N2CCC(CC2)C(=O)OC,Inactive
321737,44202595.0,C[C@H]1CN(C(=O)C2=C(C(=CC=C2)NC(=O)C3CC3)O[C@@H]1CN(C)CC4=CC=NC=C4)[C@H](C)CO,Inactive
104437,16190963.0,CC(CSC)N1CCC(CC1)(CCC2=CC=CC=C2)CO,Inactive
208676,2129425.0,CC1=C(C2=NC(=CC(=O)N2C=C1Cl)CN3CCN(CC3)C(=O)C)Cl,Inactive
315778,780373.0,C1=CC=C(C=C1)C(=O)NC2=CC3=C(C=C2)NC(=S)S3,Inactive
348527,25163519.0,CC1=CC=C(C=C1)C(=O)CCC(=O)NC2=C(C=CC=N2)C,Inactive
192447,4530551.0,CC1=CC=C(C=C1)S(=O)(=O)N2CCCC2C(=O)OCC3=NC4=C(C(=C(S4)C)C)C(=O)N3,Inactive
98903,2961129.0,C1COCCN1C(=O)C2=CC(=CC=C2)NS(=O)(=O)C3=CC=CC(=C3)[N+](=O)[O-],Inactive
216370,4789786.0,CC(=O)NC1=CC=C(C=C1)C(=O)NC2=CC(=CC=C2)S(=O)(=O)N(C)C3=CC=CC=C3,Inactive
350460,51361306.0,COC1=C(C=C(C=C1)C2=C(N3C=C(C=CC3=N2)Br)CC4=CC(=CC=C4)Cl)OC,Inactive
164042,846414.0,CCOC1=CC=C(C=C1)S(=O)(=O)N(CC(=O)N)C2=CC=C(C=C2)C,Inactive
66106,15998560.0,CNC(=O)CN(CCC1=CC=CC=C1)S(=O)(=O)C2=CC=C(C=C2)OC,Inactive
268089,1481463.0,CC1=C(C(=NO1)C2=C(C=CC=C2Cl)F)C(=O)NNC(=O)C3CCN(CC3)CC4=CC=CC=C4,Inactive
117317,2211539.0,C1COCCN1C(=O)COC2=CC=C(C=C2)C(=S)N3CCOCC3,Inactive
192707,2327021.0,C1=CC=C2C(=C1)C(=C(N2)O)N=NC(=O)C3=CC(=CC=C3)S(=O)(=O)NC4=CC=CC=C4Cl,Inactive
102176,706914.0,CCN1CCN(CC1)C(=S)C2=CC=C(C=C2)OC,Inactive
280875,4550543.0,CC1(CC2=C(C(N1)(C)C)SC(=C2C(=O)N)NC(=O)C3=CC4=C(C=C3)OCCO4)C,Inactive
35929,1098346.0,CN1C2=C(C=C(C=C2)Br)C(=C1O)N=NC(=O)CNC(=O)C3=CC=CC=C3,Inactive
218124,8084964.0,CC1=CC(=CC(=C1)NC(=O)CCN2C(=O)CSC3=CC=CC=C32)C,Inactive
304090,45281092.0,C1CC(OC1)CNCCCN2C=NC3=C2N=CN=C3OCC4=CC=CC=C4,Inactive
358940,3932775.0,CCC1=CC2=C(C=C1)N=C(S2)NC(=O)C3=CC=C(C=C3)N4C(=O)CCC4=O,Inactive
348543,25163532.0,CCOC1=CC=C(C=C1)OCCC(=O)OCC2=C(C(NC(=O)N2)C)C(=O)OCC,Inactive
119992,6463346.0,CSC1=CC=C(C=C1)NS(=O)(=O)C2=CC=C(C=C2)N3C=NN=N3,Inactive
196419,2426511.0,CC1=CC(=O)N2C3=CC=CC=C3SC2=C1C#N,Inactive
265297,3840239.0,C1=CC(=CC(=C1)F)COC2=COC(=CC2=O)CO,Inactive
354061,42601175.0,C[C@]12[C@H]([C@H]3COC4=C([C@@H]3N1C(=O)C5=C(C=CC(=C5)F)NC2=O)C=C(C=C4)OC)C6=CC=CC=C6,Inactive
166421,1266914.0,CC1=NN2C(=NN=C2C3=CC=CC=C13)C4=CC=NC=C4,Inactive
134380,2299390.0,CCC1=CC(=CC=C1)OCCCCN(CC)CC,Inactive
338697,24979195.0,CC1=C(C=C(C=C1)S(=O)(=O)N2CCC(CC2)C(=O)OCC(=O)N3CCC(CC3)C(=O)OC)C,Inactive
138768,3769265.0,CCC1=CC=C(C=C1)C(=O)C2=C(C3=C(O2)N=C(C=C3C)C)N,Inactive
72118,4581708.0,C1CCCC(CCC1)N2CC(CC2=O)C(=O)NCC3=C(C=C(C=C3)F)Cl,Inactive
265786,3527350.0,CCOC(=O)C1CN(C2=C(O1)C=CC(=C2)CC(=O)OC)S(=O)(=O)C3=CC=C(C=C3)OC,Inactive
62534,3243015.0,CCN(C1=CC2=C(C=C1)OCO2)S(=O)(=O)C3=CC(=CC4=C3N(CC4)C(=O)C5CC5)Br,Inactive
190691,37534.0,C1=CC=C(C=C1)C2=NC3=C(S2)C=CC(=C3)CC(=O)O,Inactive
86806,2831273.0,C1=CC=C(C=C1)C(=O)NC(C(Cl)(Cl)Cl)OC2=CC=CC=C2,Inactive
306096,46904810.0,COC1=CC2=C(C=C1)C=C(C=C2)C#CC3=CC(=O)C[C@@H](C3)C4=CC=C(C=C4)F,Inactive
194646,16195947.0,CC1=CC(=O)OC2=C1C=CC(=C2)OCC(=O)OCC(=O)NCCC3=CC=CC=C3.CN(C)C=O,Inactive
22191,648807.0,C1CCC(CC1)NC(=O)CN(CC2=CC3=C(C=C2)OCO3)C(=O)CCCC(=O)NC4=CC=CC=N4,Inactive
283497,4983382.0,C1CN(CCN1CC2=CC=CC=C2)C(C3=CC(=CC=C3)F)C4=C(N5C(=NC=N5)S4)O,Inactive
49316,12005351.0,CCCC(=O)OCCNC1=C(C2=NON=C2C(=C1)SCC3=CC=CO3)[N+](=O)[O-],Inactive
217526,9204530.0,CN(CC1=CC=CO1)CC(=O)NC2=CC=CC=C2C(=O)NC3CC3,Inactive
278308,2147390.0,CC1=NC(=NC=C1)NS(=O)(=O)C2=CC=C(C=C2)NC(=O)C3CC3,Inactive
256808,658842.0,CC1(CC2=C(CO1)C(=NC(=C2C#N)SCCOC3=CC=CC=C3)N4CCOCC4)C,Inactive
117814,2990420.0,COC1=C(C(=CC=C1)OC)C(=O)NC2=CC=C(C=C2)N3CCN(CC3)C(=O)C4=CC=CS4,Inactive
260087,666217.0,CCN1CCN(CC1)C2=NC(C(C(=O)N2)C(=O)OCC)C3=CC=CC=C3,Inactive
114358,6457308.0,COC1=C(C=C(C=C1)CNC(=O)C2=CC3=CC=CC=C3O2)OC,Inactive
39718,654090.0,CC1=C(C(=NN1C)C)CNC(=O)C2=NN3C(CC(NC3=C2Cl)C4=CC=C(C=C4)OC)C(F)(F)F,Inactive
151398,2921946.0,C1CN(CC1C2=CC=CC=C2)C3=NC(=CS3)C4=CC=C(C=C4)Cl,Inactive
127879,25237254.0,CN1C2=C(C=C(C=C2)/C=N/NC(=O)C3=CC=C(C=C3)N)C4=CC=CC=C41,Inactive
231974,2092395.0,CCOC(=O)NC1=CC(=CC=C1)OCC(=O)NC2=CC=CC=C2OC,Inactive
289753,238338.0,C1=CC=C(C=C1)C(CC2=CN=CC=C2)O,Inactive
238300,46942591.0,CC(C)CNC(=O)C1(CCCCCN1C(=O)C2=CN=CC=C2)C,Inactive
40241,644739.0,COCCCNS(=O)(=O)C1=C2C=CC=C3C2=C(C=C1)SC3=O,Inactive
61387,3240112.0,CC1=CC=C(C=C1)CN2C(CCC2=O)C(=O)NC,Inactive
8605,1168370.0,CCN(CC)C1=CC2=C(C=C1)C=C(C(=O)O2)C(=O)NNC(=O)C3=CC=C(C=C3)S(=O)(=O)N4CCCCC4,Inactive
231915,5794045.0,COC1=CC=C(C=C1)NS(=O)(=O)C2=C(C=CC(=C2)NC(=O)/C=C/C3=CC(=C(C(=C3)OC)OC)OC)N4CCCCC4,Inactive
165832,1744616.0,C1=CC=C(C=C1)CCCNC(=O)C2=CC=C(O2)Br,Inactive
69708,16007451.0,CCN1C=C(C(=O)C2=C1C=CC(=C2)S(=O)(=O)N3CCOCC3)C(=O)NCCN(CC)CC,Inactive
45704,1265641.0,C1=CC=C(C=C1)CCN2C(=CC(=O)N=C2SCC(=O)NCC3=CC=CC=C3)N,Inactive
338609,8546049.0,C1CN(CCN1CC(=O)NC2=CC=CC=C2C(=O)NC3=CC=CC=C3)C4=CC=CC=N4,Inactive
176468,656367.0,CC1=CC(=NC(=C1C#N)N(C2=CC(=CC=C2)OC)C(=O)C)C,Inactive
38430,3136181.0,CC1=CC=C(C=C1)S(=O)(=O)N(CC(=O)NCCC2=CC=C(C=C2)OC)C3=CC(=C(C=C3)OC)OC,Inactive
120987,24817357.0,CC1=C(OCCO1)C(=O)N2CCCC(C2)N3CCN(CC3)C4=CC=CC=C4F,Inactive
136761,4154665.0,CCOC1=C(C=C2C(=C1)C(=O)N(C(=S)N2)CC3=CC=C(C=C3)C(=O)NCCOC)OCC,Inactive
281262,7293376.0,CCOCCN1C=CC2=C(C1=O)C=CC=C2OCC(=O)NCC3=CC=CC=C3,Inactive
258309,662383.0,C1=CC=C(C=C1)S(=O)(=O)NC2=NC3=CC=CC=C3N=C2NCC4=CC=CO4,Inactive
272818,9550845.0,CC1=CC(=NO1)NC(=O)CSC2=NC(=NC3=C2C(=O)N(C(=O)N3C)C)CC(C)(C)C,Inactive
210370,5238140.0,CC1=CC(=C2C(=C1)C(=C(N2)O)N=NC3=CC=C(C=C3)C(=O)O)C,Inactive
52177,5092715.0,CC1=CC(=CC=C1)N2C(=S)NC3C(C2(OC4=CC=CC=C34)C)C(=O)N(C)C,Inactive
62854,3243838.0,CC1=C(C(=CC=C1)C)NC(=O)N2CCC(=CC2)N3C4=CC=CC=C4NC3=O,Inactive
191443,4994639.0,CN(C)S(=O)(=O)C1=CC=CC(=C1)NC(=O)COC(=O)CCC2=CC(=C(C(=C2)OC)OC)OC,Inactive
266645,3320056.0,CCN1C=C(C2=CC=CC=C21)C(=O)N3CCCCC3,Inactive
221876,2500935.0,C1=CC(=C(C(=C1)Cl)C(=O)OCC(=O)NC2=C(C=CS2)C(=O)N)F,Inactive
229671,3310220.0,CCNC(=S)NNC(=O)C1=CC=C(C=C1)S(=O)(=O)NCC2=CC=CO2,Inactive
71899,20969924.0,CC(=O)N1CCOC2=C1C=C(C=C2)S(=O)(=O)NCC3CCC(CC3)C(=O)NCCCOC,Inactive
343835,24687897.0,CC(C)CN(C1=C(N(C(=O)NC1=O)CC2=CC=CC=C2)N)C(=O)COC(=O)CNC(=O)C3=CC=CC=C3,Inactive
65276,22427202.0,CC1=CC(=C(C=C1)NS(=O)(=O)C2=C(NC(=O)NC2=O)C)Br,Inactive
235753,49790671.0,C1CN(C[C@@H]1NC2=NC=CN3C2=NC=C3)CC4=CC=CC=C4,Inactive
83390,5309321.0,CN1C2=C(C=C(C=C2)S(=O)(=O)N3CCC(CC3)C(=O)N4CCN(CC4)C5=CC=CC=C5)OC1=O,Inactive
2292,9549416.0,C1=COC(=C1)CNCC2=CC=CS2.Cl,Inactive
58073,3238738.0,CCOC1=CC=CC=C1NC(=O)C2CCCN(C2)S(=O)(=O)C3=CC=CC4=NSN=C43,Inactive
296278,44143195.0,CC1=CC2=C(C=C1)OC3=C2N=C(N=C3SCC4=NC5=CC=CC=C5N4)C.C(=O)(C(F)(F)F)O,Inactive
51204,16008687.0,CCOC(=O)CC(C1=CC=C(C=C1)C)NC(=O)CCC2=C(N3C(=NC=N3)N=C2C)C,Inactive
50464,4155543.0,CC1=CC(=C(C(=C1)C)S(=O)(=O)NCC2CCC(CC2)C(=O)NCC3=CC=CC=N3)C,Inactive
104152,16190544.0,C1C[C@@]23[C@@H](C[C@H](N2C1)C4=CSC=C4)CN(C3=O)CC5=CC(=CC=C5)Cl,Inactive
36738,6497674.0,CCN1C(=NN=C1SCC(=O)NC2=NN=CS2)CNC(=O)C3=CC=CC=C3Br,Inactive
39146,7409168.0,C1COCCN1C2=CC=C(C=C2)NC(=O)C3=NC=CN=C3,Inactive
336511,24819418.0,COC(=O)C1=CC=C(C=C1)C(=O)N(CC2=CC=CC=C2)C3=CC=CC=C3,Inactive
295038,334513.0,CN1C(=O)C2=CC=CC=C2CC13C4=CC=CC=C4C(=O)N3C,Inactive
219003,8970888.0,C1CC1C2=NN=C(N2C3CC3)SCC(=O)NC4=CC=C(C=C4)S(=O)(=O)N,Inactive
1175,3188360.0,CCCC1=NC2=C(C=C(C=C2)NC(=O)NCCC(=O)OCC)C(=O)N1CC3=CC=C(C=C3)Cl,Inactive
324916,6472613.0,COC1=C(C=C(C=C1)C2=NC3=CC=CC=C3O2)NC(=O)C4=CN=CC=C4,Inactive
348782,25163746.0,CCCN(CC(=O)NC1=CC=CC=C1C)C(=O)CSC2=CC=CC=C2C,Inactive
199833,2527216.0,COC1=CC(=CC(=C1OC)OC)C(=O)OCC(=O)NC2=C(C=CS2)C(=O)N,Inactive
43223,6603175.0,CC(CN(C)CC1=CC=CC=C1)OC(=O)C2=CC3=C(C=C2)OCCO3.Cl,Inactive
34130,1005088.0,CC1=C(C(=NO1)C2=C(C=CC=C2Cl)Cl)C(=O)N3CCN(CC3)CC4=CC=CC=C4,Inactive
135183,1303250.0,CC1=C(C=CC(=C1)S(=O)(=O)NC2=CC=C(C=C2)S(=O)(=O)N3CCCCC3)OC,Inactive
56861,4278296.0,C1CN(CCN1C2=CC(=CC=C2)Cl)C(=O)CN3C(=O)C4=CC=CC=C4NC3=O,Inactive
125753,772512.0,C1CN(CC2=CC=CC=C21)CCC(=O)NC3=CC=CC=C3,Inactive
209450,2541165.0,CC(=O)C1=CC(=C(C=C1)OC)COC(=O)CN2C=NC3=CC=CC=C3C2=O,Inactive
99374,970921.0,CNC(=S)NC1=CC=C(C=C1)OCC2=CC=CC=C2,Inactive
263876,16066513.0,CC(C)(C)OC[C@@H](C1=NN=C(O1)[C@H](CCC(=O)OC(C)(C)C)NC(=O)C2CCN(CC2)C(=O)OC(C)(C)C)N(C)C,Inactive
282433,975915.0,CC1=CC2=C(C=C1C)OC(=C2C)C(=O)NCC3=CC4=C(C=C3)OCO4,Inactive
187739,3973561.0,CC1=CC(=O)OC2=C1C=CC(=C2)OCC(=O)OCC(=O)C3=CC4=C(C=C3)C=C(C=C4)OC,Inactive
133836,871785.0,CC1=CC=C(O1)/C=C/C(=C/C(=O)O)/C,Inactive
239491,46944025.0,COC1=CC(=CC(=C1OC)OC)CNC(=O)NC2=NC(=CS2)C(C3=CC=CC=C3)N,Inactive
262580,46902957.0,COC1=CC=C(C=C1)NC(=O)C[C@@H]2[C@H](CN(C2=O)CCC3=CC=CC=C3)CC4=CC=CC=C4,Inactive
201578,4838569.0,CC1=CC=C(C=C1)N2C(=O)C3=CC=CC=C3N=C2SCC(=O)N(C)C4CCS(=O)(=O)C4,Inactive
95062,2192908.0,C1COCCN1CC2=CC=C(C=C2)NC(=O)COC3=CC=CC=C3[N+](=O)[O-],Inactive
366615,706522.0,CN1C=C(C2=CC=CC=C21)C=C3C(=O)OC4(CCCCC4)OC3=O,Inactive
72745,20961977.0,CCOCCC1=NN2C(=O)C=C(N=C2S1)CSCC(=O)NC3=CC(=CC(=C3)C)C,Inactive
86419,5728337.0,CN1C(=CC(=O)N(C1=O)C)N/N=C/C2=CC=CS2,Inactive
209637,2998137.0,C=CCN1C(=NN=C1SCC(=O)NC(=O)NC2CCCC2)C3CCCCC3,Inactive
147137,3216052.0,C1CCC(CC1)NC(=O)CN(C2=CC(=CC=C2)F)C(=O)CSC3=NC4=CC=CC=C4O3,Inactive
322209,44505389.0,C[C@H]1CN(C(=O)CCCN2C(=CN=N2)CO[C@@H]1CN(C)C(=O)C3=CC=C(C=C3)N4CCN(CC4)C)[C@@H](C)CO,Inactive
220464,3476819.0,C1CCCC(CC1)NC(=O)COC(=O)COC2=C(C=C(C=C2)Cl)Cl,Inactive
327936,2227241.0,CC1=CC=C(C=C1)S(=O)(=O)NCCSC2=NN=NN2C3=CC(=C(C=C3)Cl)C(=O)O,Inactive
73710,20890351.0,CC1CC(=O)N(C2=CC=CC=C2S1(=O)=O)CC(=O)NC3=C(C=CC(=C3)C)C,Inactive
312909,3679306.0,CC(=O)NS(=O)(=O)C1=CC=C(C=C1)NC(=O)C2C3CC(C2C(=O)O)C=C3,Inactive
277898,2049446.0,COC1=CC=CC=C1N2C=C(C3=C2NC=NC3=S)C4=CC=CC=C4,Inactive
215470,16246543.0,C=CCNCC1=CC(=O)N2C(=CSC2=N1)C3=CC=CC=C3.C(=O)(C(=O)O)O,Inactive
370032,2801223.0,CN1C2=C(C(=N1)SCC3=C(C=C(C=C3)Cl)Cl)C(=O)N(N=C2)C,Inactive
81389,181503.0,CN1C(=O)C=C(NC1=O)N(C)C2=CC=CC=C2,Inactive
337068,24819888.0,CC1CCCCC1NC(=O)C(C)SC2=NN=NN2C3=CC=C(C=C3)O,Inactive
72860,20937364.0,CCN(C1=CC=C(C=C1)OC)S(=O)(=O)C2=CSC(=C2)C(=O)N3CCCC3,Inactive
239905,46948093.0,COC1=CC=C(C=C1)NC(=O)C2CC3=C(C=CN=C3O2)C4=CC=C(C=C4)Cl,Inactive
101438,1251286.0,CC(=O)CC1=NSC(=N1)NC(=O)C2=CC=C(O2)C3=CC=C(C=C3)F,Inactive
269433,5135024.0,COC1=CC=CC(=C1)CN2C(=O)C=CC3=CC=CC=C32,Inactive
282062,16527979.0,CC1CCCCN1C(=O)CN2C(=O)C3=CC=CC=C3S2(=O)=O,Inactive
33702,747869.0,CN1C(=C(C=N1)[N+](=O)[O-])C(=O)NC2=CC=CC3=CC=CC=C32,Inactive
152890,2093008.0,C1CC2=C(C1)C=C(C=C2)NC(=O)CC3=CC=C(S3)S(=O)(=O)N4CCOCC4,Inactive
211392,4319882.0,C1CN(CCN1CC(C2=CC=CC=C2)O)C3=CC=C(C=C3)O,Inactive
355704,617669.0,COC1=C(C=CC(=C1)CN2C3=CC=CC=C3N=C2C4=CC(=C(C=C4)O)OC)O,Inactive
54183,16193519.0,CN(CCN1CCOCC1)C2CCN(CC2)C(=O)CNC(=O)/C=C/C3=CC(=C(C=C3)OC)OC,Inactive
249245,720205.0,CC1(CC2=CC=CC=C2C(=N1)C(=O)C3=CC=CC=C3)C,Inactive
78543,4400520.0,CC1CCC(CC1)NS(=O)(=O)C2=CC=CC3=NSN=C32,Inactive
107202,2919102.0,COC1=CC=CC=C1N2C(=O)CC(C2=O)N3CCC4=CC=CC=C43,Inactive
265162,1486019.0,C1COCCN1C(=O)C2=CN(C(=O)C(=C2)Cl)CC3=CC=C(C=C3)Cl,Inactive
62949,3244078.0,C1CN(CCN1C2=CC=C(C=C2)F)C(CNC(=O)C3=CC=CC=C3)C4=CN=CC=C4,Inactive
305436,25067969.0,COC(=O)C1=C(C[C@@H]2CC[C@H]1N2C(=O)NCC3=CC=C(C=C3)F)C4=C(C=C(C=C4)F)OCC5=CC=CC=C5,Inactive
244962,10936336.0,C1=CC=C(C=C1)C(=O)C[N+]2=CC=CC3=CC=CC=C32.[Br-],Inactive
109304,706682.0,CC1=C(C2=NSN=C2C=C1)S(=O)(=O)NCC3=CC=NC=C3,Inactive
343,160505.0,CC1=CC(=C(C(=C1)O)C(=O)C2=C(C=C(C=C2OC)O)C(=O)OC)O,Inactive
207812,2998418.0,CC(C)(C)NC(=O)NC(=O)COC(=O)CN1C2=CC=CC=C2N=C1C(F)(F)F,Inactive
281050,24892396.0,CCN1CCN(CC1)C(=O)C(=O)C2=CN(C3=CC=CC=C32)CC(=O)N4CCCCCC4,Inactive
55258,6616222.0,C1CCN(C1)C(=O)CSC2=NC3=C(C=CC(=C3)C(=O)NCC4CCCO4)C(=O)N2CC5CCCO5,Inactive
205191,2100227.0,C1=CC(=CC(=C1)NS(=O)(=O)C2=C(C=CC(=C2)C(=O)O)Cl)C(=O)NC3=CC=CC(=C3)C(F)(F)F,Inactive
337778,24978749.0,CCN(CC(=O)NC1=C(C=CC=C1F)F)C(=O)C2=CC3=C(C=C2)SC(C(=O)N3)C,Inactive
159266,6602948.0,C1=CC=C(C=C1)C2=NC3=CC=CC=C3C(=N2)NCCC(=O)O.Cl,Inactive
126729,46943147.0,CN(CC1CCCN(C1)CCC2=CC=CC=C2F)C(=O)C3=CC4=CC=CC=C4O3,Inactive
230833,2485096.0,CC1=C(C=C(C=C1)S(=O)(=O)N2CCOCC2)C(=O)OCC(=O)N3CCCC3=O,Inactive
200416,2627344.0,CC1=CC(=C(N1C2CC2)C)C(=O)CSC3=NC(=CC(=N3)N)N,Inactive
323977,6668537.0,CCO[C@@H]1[C@H]([C@@H](C=C(O1)C(=O)NCC2=CC=CC=C2)C3=COC4=CC=CC=C4C3=O)CCCO,Inactive
147926,1485940.0,C1COCCN1C2=C(C=C(S2)C(=O)C3=CC(=C(C=C3)Cl)Cl)C4=CC=CC=N4,Inactive
346970,25162056.0,COC1=C(C=C(C=C1)CCNC(=O)C2=CC=C(C=C2)NC(=O)CC3C(=O)N=C(S3)N4CCCCC4)OC,Inactive
251531,16014993.0,COC1=C(C=CC(=C1)CNC2=CC3=C(C=C2)NC(=O)N3)OCC4=C(C=C(C=C4)F)Cl,Inactive
116027,24790628.0,CC(C)CC1=CC=C(C=C1)CN2CCCC(C2)NC(=O)CCN3CCCO3,Inactive
226289,2548998.0,CC(C)(C)NC(=O)CSC1=NC2=C(O1)C=CC(=C2)S(=O)(=O)N3CCCCC3,Inactive
80789,5307252.0,CCC(C)NC(=O)CN(C1=CC2=C(C=C1)OCO2)S(=O)(=O)C3=C(NN=C3C)C,Inactive
218078,16306185.0,CC1CCCCC1NC(=O)CN2C=C(C=CC2=O)[N+](=O)[O-],Inactive
137,6604165.0,[C-]#N.[C-]#N.[C-]#N.[C-]#N.[C-]#N.N#[O+].[Na+].[Na+].[Fe+2],Inactive
98663,1311090.0,COC1=CC=CC=C1/C=C/C(=O)NCCC2=CCCCC2,Inactive
223282,2431340.0,C1COCCN1C2=CC=C(C=C2)NC(=O)COC(=O)C3=CC=C(O3)Br,Inactive
225380,16278352.0,CC1=C(C(=CC=C1)C(=O)OC(C)C(=O)N2CCC3=CC=CC=C3C2)C,Inactive
167977,1550644.0,CC1=C(C(=O)N(N1C)C2=CC=CC=C2)N=C/C=C/C3=CC=CC=C3,Inactive
142033,2303772.0,C1=CC2=C(C=C1[N+](=O)[O-])N=NN2O,Inactive
253616,17583364.0,C1CN(CCC1C(=O)NCCC(=O)NCC2=CC(=C(C=C2)Cl)Cl)S(=O)(=O)C3=CC=CC=C3,Inactive
225592,4786590.0,CCOC1=CC=C(C=C1)C(=O)CCC(=O)NCC(=O)NC2=C(C=CC=C2C)C,Inactive
161470,745896.0,C1=CC(=CC=C1C2=CC=C(O2)CCO)Cl,Inactive
263837,9549930.0,C1[C@H](NC(=O)[C@@H](NC(=O)[C@@H](NC(=O)C2=C(S1)C(=CC(=C2)[N+](=O)[O-])I)CCCCN)CC3=CC=C(C=C3)O)C(=O)N,Inactive
208871,2999495.0,CC1CN(CC(O1)C)C(=O)COC(=O)C2(CCCC2)C3=CC=C(C=C3)F,Inactive
345400,7675391.0,CCOC(=O)C1CCN(CC1)C(=O)COC(=O)C2=NN(C(=O)C3=CC=CC=C32)C,Inactive
367513,135543159.0,CC1=CC2=C(C=C1)OC(=O)C(=N2)/C=C(/C3=CC=CS3)\O,Inactive
6574,1430368.0,CCOC1=CC=CC=C1NC(=S)N2CCC(CC2)C3=NC4=CC=CC=C4O3,Inactive
358256,6244455.0,C1=CC(=CC=C1/C=C(\C#N)/C(=O)NCCCN2C=CN=C2)[N+](=O)[O-],Inactive
233836,49786541.0,C1=CC=C2C(=C1)C=CC=C2C3=CN=C(N3)C(C4=CC(=C(C=C4)Cl)F)O,Inactive
333487,4107350.0,CC1=CC=C(C=C1)NC(=O)NC2=NC3=C(S2)C=C(C=C3)S(=O)(=O)C,Inactive
53127,5121711.0,C=CCN1C(=O)C2=C3C(=C(C=C2)N4CCCCC4)C=CC=C3C1=O,Inactive
61203,315735.0,CC(C(=O)N)N1C(=O)C2C3CC(C2C1=O)C=C3,Inactive
33080,3219732.0,COC1=CC=C(C=C1)NC(=O)C2CCCN2C(=O)NC3CCCCC3,Inactive
70421,22421605.0,COC1=CC=C(C=C1)N2C(=O)C3=CC=CC=C3C(=N2)C(=O)NCC(=O)N4CCN(CC4)CC5=CC=CC=C5,Inactive
273011,3275623.0,CC1=CC=C(C=C1)S(=O)(=O)N2CCCOC2CNC(=O)C(=O)NCC3=CC=CS3,Inactive
323114,44505536.0,C[C@H]1CN(C(=O)CCCN2C=C(CO[C@@H]1CN(C)S(=O)(=O)C3=C(ON=C3C)C)N=N2)[C@@H](C)CO,Inactive
302741,24818790.0,CC1=CC(=CC=C1)C2=C(C3=C(O2)C=CC(=C3)N4CCOCC4)C(=O)C5=CN=C(C=C5)OC,Inactive
148567,135501753.0,CN1C2=CC=CC=C2C(=C(S1(=O)=O)C(=S)NC3=CC(=C(C=C3)F)Cl)O,Inactive
354976,1084340.0,C1=CC=C2C=C(C=CC2=C1)OCC3=CC=C(O3)C(=O)OCC4=CC=CC=N4,Inactive
189685,4022728.0,CCOC(=O)C1=C(SC=C1C2CC2)NC(=O)COC(=O)CCS(=O)(=O)C3=CC=C(C=C3)C,Inactive
4971,891134.0,CC(C)C(=O)NC1=CC=CC(=C1)C(=O)NC2=NN=C(S2)C(C)(C)C,Inactive
237198,49792729.0,CC1(CCN(C1)CC2=CC=C(C=C2)C3=CC=CC=N3)OC4=CC=C(C=C4)SC,Inactive
368575,135625843.0,C1=CC=C(C=C1)C(=O)NC2=CC=CC=C2C(=O)N/N=C/C3=CC=C(C=C3)O,Inactive
99378,2956274.0,COCCNC(=S)NC1=CC=CC=C1[N+](=O)[O-],Inactive
290314,229847.0,CC1(CC(=CC(=O)O1)OC)C2=CC=CC=C2,Inactive
141563,5858420.0,COC1=CC=C(C=C1)OCC(=O)N/N=C/2\CCC3=CC=CC=C32,Inactive
288315,351223.0,COC(=O)C1C(=C(C(=C2N1C=CC=C2)C(=O)OC)C(=O)OC)C(=O)OC,Inactive
250819,891922.0,CC1=CC=CC=C1C2=NC(=C(O2)N3CCCCC3)C#N,Inactive
352195,4671832.0,C1=CC=C(C=C1)CN2C(C3=CC=CC=C3C2=O)N=[N+]=[N-],Inactive
225528,16278564.0,CN1C=C(C2=CC=CC=C21)C(=O)OCC(=O)N3CCCCC3,Inactive
235266,49790185.0,CC1=CC=C(C=C1)C2=CN=C(N2)C(C3=CC(=CC(=C3)Cl)F)O,Inactive
326146,15989422.0,C1OC2=C(O1)C=C(C=C2)CNC(=O)C3=CC=C(C=C3)CN4C(=O)C5=CC=CC=C5N(C4=O)CC(=O)NC6=CC(=CC=C6)Cl,Inactive
293317,3034531.0,CCCCSC1=NC2=C(N1)C(=S)N(C(=O)N2C)C,Inactive
337299,24671700.0,CC1=C(C=C(C=C1)NC(=S)NC2CCSC3=CC=CC=C23)C,Inactive
131783,1471725.0,CC1=C(C=C(C(=N1)NCC2=CC=CC=C2)C#N)C(=O)OC,Inactive
361778,3680414.0,CCOC(=O)CC1C2=CC3=C(C=C2C(=O)O1)C(OC3=O)CC(=O)OCC,Inactive
241220,42628292.0,C1=CC=C2C(C=CC2=C1)CC3=CN=CS3,Inactive
362065,6881025.0,COC1=C(C=C(C=C1)/C=N/NC(=O)C2=CC=CC=C2O)CN3CCOCC3,Inactive
134592,9550554.0,CC1CCN(CC1)CC(C)CNC(=O)C2=CC(=NC3=CC=CC=C32)C4=CC=CC=N4,Inactive
44238,6603458.0,CCCC(C1=NN=NN1CC2=CC=CS2)N3CCN(CC3)C4CCCC4.Cl,Inactive
17857,767550.0,C1CCC(CC1)NC(=O)NNC(=O)C2=CC=NC=C2,Inactive
349973,51359042.0,CC1=CC=C(C=C1)CC2=C(N=C3N2C=C(C=C3C)Br)C4=CC=CO4,Inactive
347496,25162489.0,CC1=CC(=C(C=C1)S(=O)(=O)N2CCN(CC2)C(=O)COC(=O)CCCOC3=CC=C(C=C3)OC)C,Inactive
202924,4884337.0,CC1CCC2=C(C1)C=C(S2)C(=O)NC3=CC=C(C=C3)N4CCOCC4,Inactive
114677,2987235.0,C1CCN(CC1)S(=O)(=O)C2=CC=CC(=C2)NC(=O)NC(=O)C3=CC=CC=C3,Inactive
83783,713184.0,CN1C(=NN=C1SCC(=O)C2=CC3=CC=CC=C3O2)C4=CC=CC=C4,Inactive
60905,3238861.0,CCOC(=O)C(C)SC1=NC=NC2=C1N=NN2C3=CC=C(C=C3)F,Inactive
77287,20889684.0,CC1CCN(CC1)C2=NC3=C(S2)C=C(C=C3)C(=O)NCCCN4CCCCC4C,Inactive
365238,14547.0,C1=CC=NC(=C1)NC2=CC=CC=N2,Inactive
342712,18161640.0,CC1=CC=CC=C1OCC(=O)NCC(C2=CC=C(C=C2)OC)N3CCOCC3,Inactive
312357,5091486.0,COC1=CC2=C(C=C1)C3=C(C(=O)N2)SC4=CC=CC=C43,Inactive
264962,3739207.0,COC(=O)C1=C(C=CS1)N2C=CC=C2C(=O)NCC=C,Inactive
280531,7385159.0,C1CNC(=O)C2=C1C(=CC=C2)OCC(=O)NC3=CC(=CC=C3)F,Inactive
289202,332769.0,C1=CC=C(C(=C1)C(=O)O)NCC2=CC=CO2,Inactive
101893,1853629.0,C1CC2=CC=CC=C2N(C1)C3=NC(=NC(=N3)N)CN4CCN(CC4)CC5=CC=CC=C5,Inactive
12152,1444809.0,CCCN(C1=NN=C(S1)C2=CC=CC(=C2)C)C(=O)C3=CC=CO3,Inactive
148943,1344039.0,C1COCCN1C2=C(C=C(C=C2)NC(=S)NC(=O)C(C3=CC=CC=C3)C4=CC=CC=C4)Cl,Inactive
269522,2767301.0,C=CCSC1=NC(=O)N2C=CC=CC2=N1,Inactive
14025,2791197.0,CC(C(=O)O)N1C=NC2=C(C1=O)C3=C(S2)CCCC3,Inactive
166810,135414578.0,CC1=CC(=O)NC(=N1)N2CCN(CC2)CC3=CC=CC=C3,Inactive
124487,2783951.0,C=CCOC(=O)CCP(=O)(CCC(=O)OCC=C)C1=CC=CC=C1,Inactive
180768,667398.0,CC1=CC(=O)N(C2=CC=CC=C12)CC3CC(=NO3)C4=C(C=C(C=C4)OC)OC,Inactive
160643,3245941.0,C1CSC2=CC=CC=C2N(C1=O)CC(=O)NC3=CC=C(C=C3)F,Inactive
15206,3162249.0,CCNC1=C(C=C2C(=N1)N=C3C=CC(=CN3C2=O)C)C(=O)NCC4CCCO4,Inactive
319411,673491.0,CC1=C(C(=NO1)C2=CC=CC=C2)C(=O)NCC3=CC=C(C=C3)F,Inactive
211698,6869244.0,CC1=NC2=CC=CC=C2C(=O)N1/N=C/C3=CC=C(C=C3)OC,Inactive
204696,2621211.0,CC1=C(C=CC=C1Cl)NC(=S)N(C)CCC#N,Inactive
209953,2536883.0,COC1=C(C=CC(=C1)SC)C(=O)NC2=NC3=CC=CC=C3N2,Inactive
42542,651337.0,CC1=CC=C(C=C1)NC(=O)C2CCCN2S(=O)(=O)C3=CC=C(C=C3)OC,Inactive
316697,15945798.0,CCC1=CC=C(C=C1)OCC(CN2CCC(CC2)CN3C(=O)C4=CC=CC5=C4C(=CC=C5)C3=O)O.Cl,Inactive
337713,9118838.0,CC1=C(C=C(C=C1)S(=O)(=O)NC2=CC=CC(=C2)C(=O)NCC3=CC=CC=N3)F,Inactive
329556,16009581.0,CCOC1=CC=CC=C1C2C(=C(NC(=O)N2)CS(=O)(=O)C3=CC(=C(C=C3)C)C)C(=O)OCC,Inactive
52459,5155217.0,CC(=O)NC1=CC(=CC=C1)NC(=O)CNC(=O)C2=NN(C(=O)C3=CC=CC=C32)C4=CC=C(C=C4)OC,Inactive
265818,297061.0,C1=CC=C(C=C1)C2=CNC(=O)C(=C2)C#N,Inactive
349475,53300859.0,CC1=C(C=CC(=C1)OCCCN2CCC(CC2)C(C3=CC=CC=C3)(C4=CC=CC=C4)O)Br.C(=O)(C(F)(F)F)O,Inactive
263507,5281767.0,COC1=C(C=CC(=C1)/C=C/C(=C/C(=O)/C=C/C2=CC(=C(C=C2)O)OC)/O)O,Inactive
33112,24792254.0,COC1=CC=C(C=C1)CNS(=O)(=O)C2=CC(=C(C=C2)N3C=NN=N3)OC,Inactive
251251,8073077.0,CC1=C(SC2=C1C(=O)N(C(=O)N2C)CC3=CC=CC=C3)C(=O)O,Inactive
269973,4271674.0,CCOC(=O)C1=CC=C(C=C1)OC2=NC=C(C=C2)C(F)(F)F,Inactive
121951,2986276.0,C1CCC(CC1)CNC(=O)C2=CC=C(O2)Br,Inactive
274580,135492766.0,C1C(N(N=C1C2=CC=CS2)C(=O)CSC3=NC4=C(C=NN4C5=CC=CC=C5)C(=O)N3)C6=CC=C(C=C6)F,Inactive
316302,5220035.0,C1C(C1C(=O)NNC(=S)NC2=CC=C(C=C2)F)C3=CC=C(C=C3)Cl,Inactive
154703,2318867.0,C1CCN(C1)S(=O)(=O)C2=CC(=C(C=C2)NC(=O)C3=COCCO3)Cl,Inactive
2371,3193385.0,CC(C)C(C1=NN=NN1C(C)(C)C)N2CCC(CC2)CC3=CC=CC=C3,Inactive
115375,9567510.0,CC1=C(C(=NO1)C2=CC=CC=C2Cl)C(=O)O/N=C(/C3=CC=CC=C3)\N,Inactive
193794,3325354.0,CCCOC1=C(C=C(C=C1)C(=O)OCC(=O)C2=C(N(C(=O)N(C2=O)C)C)N)OC,Inactive
358175,6535273.0,CC1(CC2CC(C1)(CN2/C=C\3/CCCCC3=O)C)C,Inactive
186205,3390712.0,CC1CCCCC1NC(=O)COC(=O)C2=C(C3=C(C=C2)C(=O)C4=CC=CC=C4C3=O)Cl,Inactive
67861,4675643.0,CC1=CC=CC=C1C(=O)NC2=C(C=C(C=C2)C(=O)O)NC(=O)C3=CC=CC=C3C,Inactive
128,53299915.0,COC1=CC=C(C=C1)C(=O)C2=C(C(=C(N2)N)C(=O)NCCC3=CNC4=CC=CC=C43)C5=CC=C(C=C5)C(F)(F)F,Inactive
265175,1483570.0,C1=CC(=CC(=C1)Cl)N2C3=C(C=CC=N3)C(=O)N2,Inactive
322375,44505763.0,CCOC(=O)N(C)C[C@H]1[C@@H](CN(C(=O)CCCN2C=C(CO1)N=N2)[C@@H](C)CO)C,Inactive
57282,16195439.0,CC1=CC=C(C=C1)CN2CCSC3=C2C=C(C=C3)C(=O)NCC4=CN=CC=C4,Inactive
81325,4139196.0,CCOC1=CC=C(C=C1)N2C(=NN=C2SC(C)C(=O)OCC)CC3=CC(=O)NC(=O)N3,Inactive
133191,756636.0,CC(=O)C1=CC=C(C=C1)NC(=O)C2(CCOCC2)C3=CC=CC=C3,Inactive
276827,16195034.0,CC(C)N1CCC2=C(C1)SC(=C2C(=O)N)NC(=O)CCC3=CC=CC=C3.Cl,Inactive
312454,6162882.0,CCC1=C(SC=C1C(=O)N/N=C/C2=CSC=C2)C,Inactive
11491,689565.0,C1=CC2=C(C=C1[N+](=O)[O-])C(=O)N(C2=O)C3=CNC(=O)NC3=O,Inactive
126916,25237602.0,C/C(=N\NC(=O)C1=CC=CC=C1OC)/C2=CC=C(C=C2)NC(=O)CC3=CC=CC=C3,Inactive
209082,2999707.0,CC1=CC=C(C=C1)C(=O)N(C2=CC=CC=N2)C(C)C3=CC=CO3,Inactive
176507,657475.0,CC1=C(C2=C(N1C)C=CC(=C2)OC)C(=O)CN3CCOCC3,Inactive
92810,842067.0,CC1=CC=C(O1)C2=NC3=CC=CC=C3C(=C2)C(=O)OC,Inactive
195899,4883514.0,CCC1=NN=C(S1)NC(=O)C2CC(=O)N(C2)CC3=CC=CC=C3,Inactive
158613,3242449.0,C1CN(CCN1CC2=CNC3=CC=CC=C32)C(=O)C4=CC(=CC=C4)F.C(=O)(C(=O)O)O,Inactive
327786,4647252.0,COC1=C(C=C(C=C1)CCN2C(=O)C(NC2=O)(C(F)(F)F)NC(=O)C3=CC=CC=C3OC)OC,Inactive
358013,7161160.0,CCOC1=CC=CC=C1NS(=O)(=O)C2=CN(C(=O)N(C2=O)C)C,Inactive
243472,4438099.0,CCN1CCN(CC1)CC(=O)C2=C(N(C3=C2C=C(C=C3)OC)CC4=CC=CC=C4)C,Inactive
117636,1361928.0,C1COCCN1S(=O)(=O)C2=CC=C(C=C2)NC(=O)/C=C/C3=CC=CC=C3,Inactive
320662,3290996.0,CC1=C(C(C(=C(N1)C)C(=O)OCC2CCCO2)C3=CC(=CC=C3)Cl)C(=O)OC,Inactive
17141,2951090.0,CCC(=O)C1=CC=C(C=C1)OCC(CN2C(=C(C(=N2)C)C(=O)C)C)O,Inactive
130817,3112481.0,CC1=C(C=C(C=C1)NC(=O)C2CCCN2C(=O)OC3=CC=CC=C3)C,Inactive
362415,135450482.0,CC/C(=N\NC(=O)NC1=CC=CC=C1)/C2=C(N(C(=O)NC2=O)CC3=CC=CC=C3)O,Inactive
31277,677773.0,CN1CCN(CC1)CC2=C(C=CC=C2Cl)F,Inactive
61685,3240878.0,C1CCC(C1)N2CCN(CC2)C(=O)C3CCN(CC3)S(=O)(=O)C4=CN=CC=C4,Inactive
23473,650323.0,CCN(CC)CCCN(CC1=CC2=CC3=C(C=C2NC1=O)OCCO3)C(=O)NC4=CC=CC=C4,Inactive
195781,2346398.0,CC1(CSC(=N1)NC2=CC=C(C=C2)OC)C,Inactive
282384,5310006.0,C1=CC=C(C=C1)CCC(=O)NC2=C(OC3=CC=CC=C32)C(=O)N,Inactive
202605,6236417.0,CC(C(=O)NC1=CC=C(C=C1)C(=O)C)N2CCN(CC2)C/C=C/C3=CC=CC=C3,Inactive
339847,24979672.0,CCOC1=C(C=C(C=C1)NC(=O)CN(C)C(=O)C2=NOC(=C2)C)OCC,Inactive
207420,2560682.0,C1=CC(=CC=C1C2=NN(C(=O)O2)CC(=O)O)F,Inactive
6591,865887.0,CC1=CC2=NC(=C(C=C2C=C1)C=C(C#N)C#N)Cl,Inactive
160345,3245434.0,CCC(C)N(C1CCN(CC1)C(=O)OCC)C(=O)NC2=CC=CC=C2,Inactive
335934,24818281.0,CC(C1=CC=C(C=C1)S(=O)(=O)N)NC(=O)C2=C(N=CC=C2)SC3=CC=CC=C3,Inactive
238513,46942805.0,CC(=O)C1=CC(=CC=C1)NC(=O)C2=C3C(=C(C=C2)N4C=NC=N4)C=CO3,Inactive
192263,5784651.0,C1C/C(=N/NC(=O)C2=CC=C(C=C2)CN3C4=CC=CC5=C4C(=CC=C5)S3(=O)=O)/CC(=O)C1,Inactive
75523,16017616.0,C1CCCN(CC1)S(=O)(=O)C2=NN=C(S2)NC(=O)COC3=CC=CC=C3,Inactive
192477,2438342.0,C1C[C@H](N(C1)S(=O)(=O)C2=CC=C(C=C2)Cl)C(=O)OCC(=O)NCC(F)(F)F,Inactive
75732,24791934.0,CC1CCCCC1NC(=O)CCS(=O)(=O)C2=CC3=C(C=C2)SCC(=O)N3,Inactive
321292,44505762.0,C[C@H]1CN(C(=O)CCCN2C=C(CO[C@@H]1CN(C)C(=O)OCC(C)C)N=N2)[C@@H](C)CO,Inactive
325455,15988056.0,CCCCCN1C(=O)C2=C(C=C(C=C2)C(=O)NCC3=CC=C(C=C3)Cl)NC1=O,Inactive
279410,7386571.0,COC1=CC=CC=C1N2C=CN=C(C2=O)SCC(=O)NCCC3=CC=CC=C3,Inactive
271609,3536304.0,CC1=CN=C(C=C1)N2C(=NC3=C(C2=O)C=CC(=C3)Cl)C,Inactive
337525,7153306.0,CC1=C(C(=NO1)C2=CC=CC=C2)C(=O)OCC(=O)N3CCN(CC3)C4=CC=CC=C4,Inactive
121290,24817665.0,C1CN(CCC1C(=O)NC2=CC=CC(=C2)C3=CC(=CC=C3)F)CC4=CC=C(O4)CO,Inactive
306582,5946.0,CC[N+](CC)(CC)CC.[Cl-],Inactive
71560,24789914.0,CN1C2=C(C=CC(=C2)C(=O)N3CCCC3)S/C(=C\C4=CC=CC=C4F)/C1=O,Inactive
170244,135400439.0,CC1=CC(=C(C(=O)O1)C2=NCCSC(C2)C3=C(C=C(C=C3)OC)OC)O,Inactive
251926,1960944.0,CC1=C(C(=O)OC2=C(C3=C(C=C12)C(=CO3)C4=CC=C(C=C4)Br)C)CCC(=O)O,Inactive
184000,2423952.0,CC1=CC=C(C=C1)N2C(=CC(=N2)C3=CC=CC=C3)NC4=CC=CC=C4N,Inactive
213725,4018753.0,C1CN(CC=C1C2=CC=CC=C2)CC(C3=CC=CC=C3)O,Inactive
339329,24979454.0,C1CCCN(CCC1)C(=O)CCNS(=O)(=O)C2=CC=C(C=C2)Br,Inactive
339110,17475932.0,C1CC(C1)C(=O)NC2=C(C=CC(=C2)S(=O)(=O)N3CCOCC3)Cl,Inactive
256926,659134.0,CC1(CCCN(C1)C(=O)C2=CC3=C(CC(CC3=O)(C)C)N(C2=O)C4=CC=CC=C4)C,Inactive
119420,887841.0,C1OC2=C(O1)C=C(C=C2)C(=O)NCC3=CC(=C(C=C3)Cl)Cl,Inactive
337934,24978858.0,C1CCN(C1)C(CNC(=O)C2=CC(=CC=C2)NS(=O)(=O)C3=CC=C(C=C3)Br)C4=CC=CO4,Inactive
44663,972354.0,CC(=O)OC1=CC=C(C=C1)C2=CSC(=N2)NC3=CC=CC=N3,Inactive
76915,20882723.0,CC(C1=CC=CC=C1)NC(=O)C2=CC3=C(S2)CS(=O)(=O)C3,Inactive
336369,20964551.0,COC1=CC=C(C=C1)C2=CSC3=NC=NC(=C23)N4CCN(CC4)C5=CC(=CC=C5)Cl,Inactive
325153,4148725.0,CC1=C(C(=NC2=NC(=NN12)SCC(=O)NCC3=CC=CC=C3)C)CC4=CC=CC=C4Cl,Inactive
241120,11701255.0,C1=CC=C2C(=C1)C=C(C=N2)C3=CN=CC=C3,Inactive
102340,2953929.0,C1COCCN1CCNC(=O)C23CC4CC(C2)CC(C4)(C3)C5=CC=CC=C5.Cl,Inactive
147179,2261603.0,COC1=C(C=C(C=C1)C2(CCCC2)CNC(=O)/C=C\C3=CC=CO3)OC,Inactive
147013,823139.0,CC(=O)NNC1=CC(=O)C2=C(N1)N(C(=O)N(C2=O)C)C,Inactive
242851,4638138.0,CN1C(=O)C(N(C1=S)NC(=O)C2=CC=C(C=C2)Cl)CC(=O)N,Inactive
320154,1000808.0,CC1=CC=C(C=C1)S(=O)(=O)N(CC(=O)NCC2=CC=CC=N2)C3=CC=C(C=C3)Cl,Inactive
79151,23768754.0,CC(=O)N1CCN(CC1)C2=CC=C(C=C2)NC(=O)C3=CC4=CC=CC=C4C=C3,Inactive
155373,3236695.0,C1CN(CCC1C(=O)NCCN2CCN(CC2)C3=CC=CC=C3)S(=O)(=O)C4=CC=CS4,Inactive
130910,6881993.0,C1=CC(=CN=C1)C(=O)N/N=C/C=C/C2=CC=CO2,Inactive
163108,2961962.0,CN1C2=CC=CC=C2C3(C1=O)C(=C(OC4=C3OC(=CC4=O)CO)N)C#N,Inactive
87460,963055.0,C1CN(CCN1CC2=CC=CC=C2)C(=S)C3=CC=C(C=C3)[N+](=O)[O-],Inactive
227002,2362362.0,CC(C)C1=CC=CC=C1NC(=S)NC(=O)C2CCCCC2,Inactive
152198,2997827.0,CC1CN(CC(O1)C)C(=O)CSC2=NN=C(N2C)C3=CC=C(C=C3)Cl,Inactive
194780,3419559.0,COC1=CC=CC=C1CNC(=O)COC(=O)C2=C(N=CC=C2)SCC(=O)NCC3=CC=CC=C3OC,Inactive
9326,3157680.0,CCN1C(=NNC1=S)C(C)NC(=O)C2=CC=C(C=C2)C,Inactive
250330,2910628.0,CCC1=CC=C(C=C1)N2C(=O)C(=C(C2=O)Cl)N3CCCCCC3,Inactive
150649,1312005.0,COC(=O)CSC1=C(C2=C(C=CC(=C2)Cl)NC1=O)C3=CC=CC=C3,Inactive
219107,2090567.0,C1CCC2=C3C(=NN(C3=O)C4=CC=CC=C4)N=C(N2CC1)SCC(=O)C5=CC(=C(C=C5)O)O,Inactive
249336,950921.0,COC1=CC=C(C=C1)C(=O)NC2=CC=CC=C2N3CCCC3,Inactive
67151,16009035.0,COCCNC(=O)CCC1=NC2=C(N1CC3=CC=C(C=C3)OC)N=CC=C2,Inactive
115408,2982696.0,CN(C)S(=O)(=O)N(CC(=O)NC1=CC=C(C=C1)S(=O)(=O)N2CCCC2)C3=CC=CC=C3,Inactive
38331,3164643.0,CC1=NN=C(S1)NC(=O)CSC2=NN=C(N2C)CCNC(=O)C3=CC=CC=C3F,Inactive
287511,135482068.0,CCNCC.CCN(CC)/[N+](=N/O)/[O-],Inactive
134792,898979.0,CC1(CC2=C(CO1)SC(=C2C(=O)OC)NC(=O)C3=CC=CC=C3)C,Inactive
199660,4878679.0,CC1=CC=C(O1)C2=NC3=C(N2C)C(=O)NC(=O)N3CC4=CC=CC=C4,Inactive
250374,8072833.0,COC1=CC(=C(C=C1)N2C=CC(=O)C(=N2)C(=O)O)OC,Inactive
328630,16008232.0,CCOC1=CC=C(C=C1)NC(=O)[C@@H](C2=CC=CC=C2)N3CC4=CC=CC=C4C3=O,Inactive
51525,6619146.0,COC1=CC=C(C=C1)C2=CC(=NO2)C(=O)NCCCN3C=CN=C3,Inactive
283031,5310211.0,COC1=CC=CC=C1N2C3=NC(=NC(=C3NC2=O)C(=O)N)C4=CN=CC=C4,Inactive
100487,2031935.0,C1CC1NC(=S)NCCCN2CCOCC2,Inactive
51546,9603912.0,CCC1=CC=C(C=C1)/C(=N/NC(=O)C2=CC=CC=N2)/C,Inactive
119653,2430213.0,C1OC2=C(O1)C=C(C=C2)C(=O)OCC3=CC=C(C=C3)C#N,Inactive
59933,3236486.0,CC1=C(N=C(O1)C2=CC(=CC=C2)OC)CSCC(=O)NCC3CCCO3,Inactive
270365,1485972.0,CC1=C(SN=N1)S(=O)(=O)CC2=CC=CC=C2C(F)(F)F,Inactive
101520,2237231.0,CC(=O)N1CCN(CC1)C2=C(C=C(C=C2)NC(=O)C3=CC=C(O3)Br)Cl,Inactive
201185,5125956.0,CC1=C(C=C(C=C1)NC(=O)CN2C(=O)CN(C2=O)C)S(=O)(=O)N3CCCCC3,Inactive
116444,24791148.0,COCCN1CCN(CC1)C(=O)C2=CC3=C(C=C2)OC(=N3)CCC4=CC=CC=C4,Inactive
192009,5684813.0,C1CCN(CC1)S(=O)(=O)C2=CC=C(C=C2)N/N=C(\C#N)/C(=S)N,Inactive
197979,5132152.0,CN(C(=S)NCCOC)C1(CCCCC1=O)C2=CC=CC=C2Cl,Inactive
214731,4843473.0,C1CN(CC(=O)N1)C2=C(C=C(C=C2)C(=O)N)[N+](=O)[O-],Inactive
247422,4204519.0,C1=CC=C2C=C(C(=CC2=C1)C(=O)NNC3=C4C=CC=CC4=NC5=CC=CC=C53)O,Inactive
186034,4516550.0,COC1=CC=C(C=C1)NC(=O)COC2=C(C=C(C=C2)C(=O)NC3CCCC4=CC=CC=C34)OC,Inactive
158634,1535225.0,CC1=CC(=C2C(=O)C3=CC=CC=C3C2=O)C=C(N1C)C,Inactive
48630,4055124.0,COC1=CC=C(C=C1)N2C(SCC2=O)C3=C(C(=CC=C3)OC)OC,Inactive
61889,2792555.0,CC1=C(C(N2C(=NC=N2)N1)C3=CC(=CC=C3)OC)C(=O)OC(C)C,Inactive
183925,4876677.0,CC1=CC(=CC=C1)NC(=O)NC(C)CCC2=CC=CC=C2,Inactive
41448,648199.0,COCCN(CC(=O)NCC1=CC=CC=C1)C(=O)CCC(=O)NC2=NC=CS2,Inactive
272852,3564216.0,CC(=O)NC(CCS(=O)(=O)C)C(=O)NC1=CC=CC=C1,Inactive
243798,1716553.0,C1CCC2=C(C1)C(C(=C(N2C3=C(C=C(C=C3)F)F)N)C#N)(C(F)(F)F)C(F)(F)F,Inactive
182077,2472824.0,CC1=C(NC(=C1C(=O)C)C)C(=O)COC(=O)CN(C)S(=O)(=O)C2=CC=C(C=C2)Cl,Inactive
312506,848934.0,C1=CC=C(C=C1)CC(=O)NNC(=S)NC2=CC=C(C=C2)Cl,Inactive
172603,647632.0,CC1=NC2=CC(=C(C=C2C(=O)N1CC3=CC=CC=C3)NC(=O)C)N4CCOCC4,Inactive
301497,6604406.0,CC1=C(N2[C@H]([C@@H](C2=O)NC(=O)[C@H](C3=CC=C(C=C3)O)N)SC1)C(=O)O,Inactive
144960,6882275.0,COC1=C(C=C(C=C1)Br)/C=N/NC(=O)CNC(=O)/C=C/C2=CC=CC=C2,Inactive
201905,4830648.0,CCN(CC)S(=O)(=O)C1=CC=C(C=C1)NC(=O)COC(=O)C2=C(C=CC(=C2)S(=O)(=O)NC3=CC=C(C=C3)OC)O,Inactive
141663,2376550.0,CCN(CC)S(=O)(=O)C1=C(C=CC(=C1)C(=O)NC2=NCCS2)Cl,Inactive
233305,49778735.0,COC1=CC=C(C=C1)CN2C[C@H](O[C@H](C2)N3C=NC4=C(N=CN=C43)NC5CCC5)CO,Inactive
65275,16007418.0,CCCCN(CC)CCNC(=O)C1=CC2=C(S1)N(N=C2C3=CC=C(C=C3)Cl)C,Inactive
115239,1312346.0,CCC1=CC=C(C=C1)N(CC(=O)NCC2=CN=CC=C2)S(=O)(=O)C3=CC=CC=C3,Inactive
195298,16195981.0,COC1=CC=C(C=C1)C(=O)CCN2CCC3=CC(=C(C=C3C2)OC)OC.Cl,Inactive
266780,2763690.0,CC1=C(C(=O)N(N1)C2=CC=CC=C2)CCO,Inactive
214582,17390528.0,CC(C1=CC=C(C=C1)S(=O)(=O)N)NC2=C3C=CC(=CC3=NC=C2)Cl,Inactive
229849,2342459.0,C1=CC=[N+](C(=C1)SCC(=O)NC2=CC=CC(=C2)C#N)[O-],Inactive
296682,51359277.0,CC1=CC=C(C=C1)S(=O)(=O)N2C[C@@H]3[C@H](C[C@H]2C4=CC=CC(=C4)C)N([C@@H](CC3=O)C5=CC=CC=C5)S(=O)(=O)C6=CC=C(C=C6)C,Inactive
6119,5440379.0,CC1=CC=C(C=C1)NC(=O)/C(=C\C=C\C2=CC=CC=C2)/NC(=O)C3=CC=CC=C3,Inactive
363169,5514951.0,CC1=NC=C(C=C1)C(=O)N/N=C\C2=CC=C(O2)C3=CC(=C(C=C3)Cl)Cl,Inactive
339450,24979541.0,CC(C)CN(C1CCS(=O)(=O)C1)C(=O)C2=CC(=CC=C2)S(=O)(=O)N3CCN(CC3)CC4=CC=CC=C4,Inactive
34910,5884558.0,C/C(=N/NC(=O)C1=CC=CC=N1)/CC(=O)NCC2=CC=CC=C2Cl,Inactive
344797,24982506.0,CN(CCOC1=CC=CC=C1)C(=O)C2=C(C=CC(=C2)S(=O)(=O)N3CCCCCC3)OC,Inactive
322279,44505326.0,C[C@@H]1CN(C(=O)CCCN2C(=CN=N2)CO[C@H]1CN(C)S(=O)(=O)C3=CC=CC=C3C)[C@H](C)CO,Inactive
223050,2704448.0,CC1=CC(=C(C=C1C)C(=O)COC(=O)C2=NN(C(=O)C3=CC=CC=C32)C)C,Inactive
259305,664760.0,COC1=CC=CC2=C1OC(=C2)C(=O)C3=C(C(=O)N(C3C4=CC=CS4)CCN5CCOCC5)O,Inactive
310033,1811460.0,COC1=CC2=C(C=C1)C(=O)/C(=C/C=C/C3=CC=CC=C3OC)/CC2,Inactive
233985,49786690.0,C1CCN(C(C1)C2=CC(=NO2)C(=O)NCC3=CN=CC=C3)S(=O)(=O)C4=CC=CC=C4,Inactive
304862,16759750.0,CN1[C@H]2C(=C(NC3=N[C@@H](C[C@]23C4=C1C=CC(=C4)OC)C(=O)OC)C(=O)OC)C(=O)OC,Inactive
176839,658037.0,CCOC(=O)N1CC=C2[C@H](C1)[C@H](C(C(=C2C#N)N)(C#N)C#N)C3=CC=CS3,Inactive
6799,3095934.0,CCOC(=O)C1=C(SC2=C1CCCC2)NC(C(Cl)(Cl)Cl)NC(=O)CF,Inactive
131885,2767926.0,CC1CN(CC(O1)C)C(=O)C(=O)C2=CC=CN2C3=C(SC=C3)C(=O)OC,Inactive
315290,843231.0,C1=CC(=CC=C1CN2C=C(C=N2)Br)C(=O)NN,Inactive
368643,940400.0,C1=CC(=CC(=C1)F)N2C(=O)[C@H]3[C@@H](C2=O)NN=C3C(=O)C4=NC=CN=C4,Inactive
76608,6893574.0,CC1=CC=C(C=C1)S(=O)(=O)N/N=C\2/C(=CC3=CC=CC=C3O2)C(=O)NC4=CC=C(C=C4)OC,Inactive
103752,2943337.0,CN1CCN(CC1)C2=C(C=C(C=C2)[N+](=O)[O-])C(=O)NC3=CC(=CC=C3)OC,Inactive
257568,660286.0,CCOC(=O)C1=CC=C(C=C1)N=C2N(C(=O)CC(S2)C(=O)NC)CC=C,Inactive
207456,2560737.0,C1CCC(=CC1)CCNC(=O)COC2=NC3=CC=CC=C3N=C2,Inactive
213563,16275774.0,CC(C1=CC=C(C=C1)Cl)NC(=O)COC2=C(N=CC=C2)[N+](=O)[O-],Inactive
308027,45479759.0,COC1=CC2=C(C=CN=C2C=C1)[C@@H]([C@H]3C[C@@H]4CCN3C[C@@H]4C=C)O.C(C(C(C(C(C(=O)O)O)O)O)O)O,Inactive
62719,3243522.0,C1CCC(CC1)CC(=O)NCC2=CN3C=CSC3=N2,Inactive
171107,644419.0,C1=CC=C2C(=C1)C(=NNC2=O)CNC(=O)CSC3=NC4=CC=CC=C4O3,Inactive
108249,955835.0,CC1=NN2C3=C(C=CC(=C3)N4CCOCC4)N=C2C5=CC=CC=C15,Inactive
356637,3093675.0,CCOC(=O)NC(C(Cl)(Cl)Cl)N1C=C(C(=O)NC1=O)C,Inactive
52800,5063380.0,CC1CC(NC(=S)N1CCC(=O)N2CCN(CC2)C3=CC=CC(=C3C)C)(C)C,Inactive
204062,4526545.0,C1CCN(CC1)S(=O)(=O)C2=CC=CC(=C2)C3=NN=C(O3)SCC(=O)O,Inactive
216322,16288722.0,CN(CC1=CC=C(C=C1)SC)CC(=O)N(C)CC(=O)NC2=CC=CC=C2Br,Inactive
168757,2921433.0,CC1CCCCN1S(=O)(=O)C2=CC=C(C=C2)NC(=O)C3=C(C(=C(C=C3)OC)OC)OC,Inactive
230995,2451891.0,C1=COC(=C1)CNC(=O)NC(=O)COC(=O)C2=CC=C(C=C2)NC(=O)CC#N,Inactive
361160,9616542.0,C1CCC2=C(C1)C(=C(S2)/N=C/C3=CN=CC=C3)C(=O)N,Inactive
287082,2799365.0,CC1=C(C(=NO1)NC(=O)NC(=O)C2=CC=CC=C2F)Br,Inactive
58142,3243292.0,CCOC1=C(C=C2C(=C1)C(=O)N(C(=O)N2)CC3CCC(CC3)C(=O)NCCCOC)OCC,Inactive
92056,6898245.0,C=CCOC1=C(C=C(C=C1)/C=N/O)Cl,Inactive
296859,44263568.0,CC[C@@H]1C=C([C@@H](N1S(=O)(=O)C2=CC=C(C=C2)C)C3=CC(=C(C=C3)OC)OC)C(=O)O,Inactive
72892,16027977.0,C1CC1C2=NC=C(O2)C3=CC=C(C=C3)S(=O)(=O)NCC4=CC=C(C=C4)F,Inactive
219025,8141687.0,CN1C(=O)N(C(=O)C12CCCCC2)CC(=O)NC3=NC=CS3,Inactive
130153,1165360.0,COC1=C(C=C2C(=C1)C=C(C(=O)N2)CN(CC3=CC=CO3)S(=O)(=O)C4=CC=CC(=C4)C(=O)OC)OC,Inactive
325555,15988348.0,C1CCN(CC1)C2=NC3=CC=CC=C3N=C2SCC(=O)O,Inactive
202104,2598217.0,C1=CC=C(C=C1)CNC(=O)/C=C/C2=CC(=CC=C2)Cl,Inactive
26864,24746791.0,CCCCCCCCCCOC(=O)CN1C2=CC=CC=C2[N+](=C1COC3=CC=C(C=C3)OC)C.[Cl-],Inactive
76916,20882733.0,CCOC1=C(C=C(C=C1)CCNC(=O)C2=CC3=C(S2)CS(=O)(=O)C3)OCC,Inactive
238169,46942455.0,CN1C(=O)C2=C(N1CC3=CC=C(C=C3)F)C=CC(=C2)NC(=O)CCC4=CN=CC=C4,Inactive
144122,135467636.0,CC(C)N1C(=C(SC1=NC2=CC=CC=C2)/C=C/3\C=NC4=CC=CC=C43)O,Inactive
365434,66722.0,C1=CC=C2C=C(C(=CC2=C1)C(=O)NCCO)O,Inactive
61580,3240625.0,CCN1C2=CC=CC=C2C(=CC1=O)OCC(=O)NCCCN3CCC(CC3)C,Inactive
45518,6623033.0,CC1CN(CCN1C2=CC=CC(=C2)C)C(=O)C3=CC4=C(C=C3)N=C(C(=O)N4)C5=CC=CC=C5NC(=O)C,Inactive
335280,24817885.0,CC1=C(C=C(C=C1)C(=O)COC(=O)C2=CSC(=N2)NCC=C)[N+](=O)[O-],Inactive
21995,746814.0,C1=CC=C(C=C1)N2C(=C(C=N2)C(=O)O)N,Inactive
239448,46943981.0,CC1=CC(=CC=C1)CNC(=O)C2=C(N(C(=O)S2)CC3=C(C=CC=C3C)C)C,Inactive
27905,3091108.0,CCC(CC)COC(=O)C1=C(NC(=O)NC1C2=CC=C(C=C2)[N+](=O)[O-])C,Inactive
12799,1084753.0,COC1=CC=C(C=C1)CNC(=O)COC(=O)C2=CC=CO2,Inactive
7231,135444136.0,COC1=C(C=CC(=C1)/C=N/NC(=O)C2=NC=CN=C2)O,Inactive
189287,2089572.0,C1=CC=C(C(=C1)SCCC(=O)NC2=CC(=CC=C2)[N+](=O)[O-])Cl,Inactive
353733,24981414.0,CCC(C)SC1=C(C=C(C=C1)[C@@H]2[C@H]3[C@H](C(=O)N(C3=O)C)[C@]4(N2CCCC4)C(=O)OC)OC.C(=O)(C(F)(F)F)O,Inactive
290784,222720.0,C1CCN(CC1)CCCCC(C2=CC=CC=C2)(C3=CC=CC=C3)C(=O)N,Inactive
243105,6866488.0,C1=CC=C2C(=C1)C=CC=C2C3=NNC(=C3)C(=O)N/N=C/C4=CC=CO4,Inactive
41466,648242.0,C1CCC(CC1)CNS(=O)(=O)C2=CC=C(C=C2)C(=O)NC3CC3,Inactive
103350,16189823.0,COCC1CCN(CC1)CC2=CN(N=C2C3=CC4=CC=CC=C4O3)CC5=CC=CC=C5,Inactive
136215,2978668.0,CC(=O)NC1=CC=C(C=C1)S(=O)(=O)NC2(C(=O)N(C(=O)N2)C3CCCCC3)C(F)(F)F,Inactive
302826,44142277.0,COC1=CC2=CN=C(C=C2C=C1)C3=CC(=CC(=C3)OC)OC,Inactive
231221,7875717.0,CC(C)[C@@H](C(=O)NC12CC3CC(C1)CC(C3)C2)NC(=O)C4=CC=CO4,Inactive
127075,25237256.0,CCC(C1=CC=CC=C1)C(=O)N/N=C/C2=CN=CC=C2,Inactive
84695,45205258.0,COC1=C(C=C(C=C1)CC2=NC3=C(O2)C=C(C=C3)C(=O)N4CCCCC4CO)OC,Inactive
339084,24979334.0,CN(C)S(=O)(=O)C1=CC(=C(C=C1)N2CCCC2)C(=O)N(C)CC(=O)NC3=CC=C(C=C3)OC,Inactive
160027,3244864.0,CC1=C(SC2=NC(=CN12)C3=CC=C(C=C3)OC)C(=O)NC4=CC=CC(=C4)NC(=O)C,Inactive
26667,594201.0,CC(=O)NC1=NON=C1C2=NC3=CC=CC=C3N2C,Inactive
54709,5295222.0,CCCNC1=C(C(=O)OC(=C1)C)C(=O)CC,Inactive
304858,16759769.0,CC(C)CC(=O)N1[C@@H](C[C@@]23C1=NC(=C([C@@H]2N(C4=CC=CC=C34)C)C(=O)OC)C(=O)OC)C(=O)OC,Inactive
156397,2901854.0,CN(C)CCOC(=O)C(C1=CC=CC=C1)C2=CC=C(C=C2)OC.Cl,Inactive
112699,2186866.0,COC1=CC(=CC(=C1OC)OC)C(=O)NCCCC2=CC=CC=C2,Inactive
225629,4802460.0,C1=CSC(=C1)S(=O)(=O)NC2=CC=C(C=C2)C(=O)NNC(=O)C3=CC=C(O3)Br,Inactive
366882,7614593.0,CC1=CC=C(C=C1)CSC2=NN=C(O2)[C@@H]3CCCN3C(=O)OC(C)(C)C,Inactive
314622,850484.0,CC1=CC=CC=C1OC2=NC=NC(=C2)N3C(=O)C(=C(C=N3)Cl)Cl,Inactive
28975,2881130.0,C1CN(CCN1CCCC2=CC=CC=C2)C(=O)CC3=CC=CC=C3.C(=O)(C(=O)O)O,Inactive
281595,7384428.0,C1CC2=C3C(=CC(=C2)NC(=O)C4=CC(=CC=C4)F)CC(=O)N3C1,Inactive
77785,20859296.0,CCN1C=C(C(=O)C2=C1C=CC(=C2)S(=O)(=O)N3CCOCC3)C(=O)NCCN(CC(C)C)CC(C)C,Inactive
316866,6859733.0,C1=CC(=CC=C1N/N=C(/C(=O)NN)\S(=O)(=O)C2=CC=C(C=C2)Cl)Cl,Inactive
50683,4295975.0,CCCCN(C)C1CCN(CC1)C(=S)NC2=CC(=CC=C2)SC,Inactive
259498,665033.0,CN1C2=CC=CC=C2N=C1C3=CC=C(O3)Br,Inactive
354123,44142790.0,CCOC(=O)[C@H]1[C@H]2COC3=C([C@@H]2N4[C@]1(C(=O)N(CC4=O)CC5=CC=CO5)C)C=C(C=C3)Br,Inactive
364855,16682387.0,C1=CC=[NH+]C(=C1)CCSC2=CC=C(C=C2)F.OP(=O)(O)[O-],Inactive
287951,24816496.0,C1=CC(=CC(=C1)C2=CC=C(C=C2)S(=O)(=O)N)/C=C\3/C(=O)N=C(S3)N,Inactive
352630,3371593.0,CC1=C(C(=O)N(C1=O)CCC2=CC(=C(C=C2)OC)OC)C,Inactive
331383,16024286.0,CCOC(=O)C1=CC=C(C=C1)NS(=O)(=O)C2=CC3=C(C=C2)NC4=C3CCCCC4,Inactive
375095,9581138.0,C1=CC(=CC=C1C(=O)N/N=C(/C2=NC=CN=C2)\N)Cl,Inactive
348503,7680978.0,COC1=CC(=C(C=C1)OCC(=O)NC(=O)C2=CC=CC=C2)[N+](=O)[O-],Inactive
87861,880624.0,C1=CC(=CC=C1C(=O)CCC(=O)NC2=CC(=CC(=C2)Cl)Cl)F,Inactive
303484,15583.0,C1C(C2(C(=C(C1(C2(Cl)Cl)Cl)Cl)Cl)Cl)CBr,Inactive
159288,3243606.0,C1CN(CCN1CCC(=O)NC2=CC=C(C=C2)F)C(=O)C3=CC=CO3,Inactive
105046,16191572.0,C1CN(C(C2=C1C3=CC=CC=C3N2)C4=CC=CC=N4)C(=O)C5=CC=CS5,Inactive
120340,17127034.0,CC(C)C1=CC=C(C=C1)OCC(=O)N2CCCN(CC2)C,Inactive
334382,42915351.0,CC1=C(C(=NN1C2=CC=CC=C2)C)C(=O)OCC(=O)N(CCOC)C3=C(N(C(=O)NC3=O)CC4=CC=CC=C4)N,Inactive
279359,18574933.0,CC1=CC(=C(C=C1)C)S(=O)(=O)N2CCCC2CNC(=O)C(=O)NCC3=CC=CC=C3C,Inactive
177486,659402.0,C1COCCN1S(=O)(=O)C2=CC=CC3=CC(=C(C=C32)O)C(=O)O,Inactive
16078,3156821.0,C1=COC(=C1)C(=O)NCCNC(=O)C2=CC=C(C=C2)F,Inactive
255006,16406588.0,CC(C)[C@H]1C(=O)NC2=CC=CC=C2N1C(=O)N[C@@H](CC3=CC=CC=C3)C(=O)N[C@H](CC4=CC=CC=C4)C(=O)O,Inactive
86006,881454.0,CC1=C(C(=CC=C1)C)NC(=O)/C(=C/C2=CC=CO2)/C3=CC=CC=C3,Inactive
365127,1612464.0,C1COCCN1C2=NC(=O)/C(=C\C3=CC4=C(C=C3[N+](=O)[O-])OCO4)/S2,Inactive
339078,24979328.0,CCN(C1CCS(=O)(=O)C1)C(=O)COC(=O)C2CCN(CC2)S(=O)(=O)C3=CC4=C(C=C3)OCCO4,Inactive
197150,16196106.0,C1=CC=C(C=C1)NC2=[N+](C(=CS2)C3=C(C=C(C=C3)Cl)Cl)CC4=CC=CO4.[Cl-],Inactive
17723,16192789.0,CC(CN1CCOCC1)OC(=O)C2COC3=CC=CC=C3O2.Cl,Inactive
10317,5770923.0,CC1=CC(=NO1)NC(=O)/C=C/C(=O)N(CC(=O)NC2CCCC2)C3=CC=CC4=CC=CC=C43,Inactive
27936,952843.0,CCN(CC)C1=CC(=C(C=C1)NC(=O)C2=CC3=C(C=C2)OCO3)C,Inactive
102692,16189744.0,CC1=CC(=C(C=C1)C)NC(=O)NCC2=CC=C(C=C2)OC,Inactive
342405,18229568.0,C1COCCN1S(=O)(=O)C2=CC=CC(=C2)NC(=O)COC(=O)CC3=CC=CS3,Inactive
234710,49789591.0,CCOC(=O)C1(CCCN1C(=O)C2=CC=C(C=C2)OC)C,Inactive
100774,2958823.0,CC(=O)O.C1=CC(=CN=C1)NC(=S)NC2=CC=C(C=C2)F,Inactive
219340,5145486.0,CC1=C(C=C(C=C1)NC(=O)C2=NC=C(N=C2)C)S(=O)(=O)N3CCCCC3,Inactive
176609,424338.0,C1C2=CC=CC=C2C3=NC4=CC=CC=C4N31,Inactive
126786,1372686.0,COC1=CC=CC=C1N2CCN(CC2)C(=S)NC(=O)C3=CC=C(C=C3)[N+](=O)[O-],Inactive
5537,1091533.0,CC(C)C(=O)C1=CN(C2=CC=CC=C21)CC(=O)NCC3=CC4=C(C=C3)OCO4,Inactive
118499,24793230.0,CC1=NOC(=C1)CNC(=O)C2=CC3=C(C=C2)N=C(O3)CC4=CC(=C(C=C4)OC)OC,Inactive
195894,4883515.0,C1CC(OC1)CNC(=O)C2=CC=CC=C2OCC(=O)NC3=CC=C(C=C3)Br,Inactive
232848,49778279.0,CC1=CN=C(C(=N1)NC2=NC(=CS2)C(CC3=CC=C(C=C3)Cl)N)C,Inactive
43308,572875.0,CC1=CC(=NN1CC(=O)O)C,Inactive
64321,135684904.0,COC1=C(C=CC(=C1)/C=N/NC2=CC=CC=C2)O,Inactive
142208,2336741.0,CCN(CC)S(=O)(=O)C1=C(C=CC(=C1)C(=O)NC2=CN=CC=C2)Cl,Inactive
265111,3380693.0,CC(=O)NC(C(=O)NCC1=CC=C(C=C1)F)C(=O)NC2=CC=C(C=C2)OC,Inactive
310945,6876878.0,CC1=CC(=C(C=C1)N(CC(=O)N/N=C/C2=C(N(C(=C2)C)C3=CC=CC=C3)C)S(=O)(=O)C)C,Inactive
72859,16025143.0,CC(C)OC1=CC=C(C=C1)CNS(=O)(=O)C2=CSC(=C2)C(=O)N,Inactive
626,439202.0,C(CON=C(N)N)[C@@H](C(=O)O)N,Inactive
189666,2608663.0,CC1=CC(=C(C=C1)OC)N2C(=NN=N2)SCC(=O)NC3=C(N=CC=C3)Cl,Inactive
279731,16813576.0,CC1=CC=C(C=C1)S(=O)(=O)CCC(=O)NC2=C(C=CS2)C(=O)NC,Inactive
92877,2907858.0,CC1(CC2=C(C(C(=C(N2N(C)C)N)C#N)C3=CSC=C3)C(=O)C1)C,Inactive
275021,7243337.0,CCN1CCN(CC1)CC2=C(C=CC3=C2O/C(=C\C4=CC=CC=C4)/C3=O)O,Inactive
373796,2813200.0,CC1=CC=C(C=C1)C(=O)NC2CCCCNC2=O,Inactive
303183,44142665.0,CN1C2=C(C=C(C=C2)C3=CN=C(N=C3)N)C(=C1C4=CC(=CC(=C4)OC)OC)C5=CC=C(C=C5)OC,Inactive
362675,5793951.0,COC1=CC=C(C=C1)/C=N/N=C/2\N(C(=O)CS2)CC3=CC=CC=C3,Inactive
130627,604128.0,CC1=CC=C(C=C1)S(=O)(=O)N2C3=C(C=C(C=C3)C)C(=CC2(C)C)C,Inactive
307673,6883.0,C1[C@H]([C@@H]2[C@H](O1)[C@H](CO2)O[N+](=O)[O-])O[N+](=O)[O-],Inactive
276960,16195679.0,CCC1=NN=C(S1)NS(=O)(=O)C2=CC=C(C=C2)N3C(=O)C4=C(C3=O)C=C(C=C4)C(=O)O,Inactive
261687,53301306.0,CCN(C)C1CN(S(=O)(=O)C1)CC2=CN(N=N2)CC3=CC=C(C=C3)F,Inactive
277881,16823299.0,CC(C)CNC(=O)C(=O)NC1=CC2=C3C(=C1)CCC(=O)N3CCC2,Inactive
177908,660426.0,C1=CC=C(C=C1)N2C3=C(C=N2)C4=NC(=NN4C=N3)CSC5=NC6=CC=CC=C6S5,Inactive
362250,854333.0,C1=CC=C(C=C1)C(=O)COC2=CC3=C(C=C2)C=CC(=O)O3,Inactive
374135,2738912.0,CC1=NN(N=C1CNC(=O)C2CCC2)C3=CC=CC=C3,Inactive
129152,53300919.0,CCCCN1C(=NN=N1)C(C2=CC3=CC=CC=C3O2)N(CCN(C)C)CC4=CC=CC=C4,Inactive
76746,22519972.0,CC1=CC=CC=C1NC(=O)C2=NN(C3=C2CS(=O)(=O)C4=CC=CC=C43)C,Inactive
124407,683416.0,C1CC(=O)N(C1=O)C2=CC=CC=C2C3=CC=CC=C3,Inactive
91543,2901355.0,CC(CCC1=CC=CC=C1)NC(=O)CC2=CC=CC=C2,Inactive
69742,20860532.0,CCOC1=C(C=C(C=C1)CCNC(=O)CS(=O)CC2=C(OC(=N2)C3=CC=CC=C3Cl)C)OCC,Inactive
45434,9549981.0,CC(C)NC1=NC(=NC(=N1)C(=O)OCCO)NC(C)C,Inactive
290590,2734002.0,C1=CC2=C(C=C1N)NC(=S)N2,Inactive
198255,4073109.0,CC1=C(C=CC(=C1)Cl)OCC(=O)NN2C(=O)C3C4CC(C3C2=O)C=C4,Inactive
168578,2252415.0,CCNC(=O)CN(CC1=CC=CC=C1)S(=O)(=O)C2=CC=CC=C2,Inactive
154952,3235938.0,CN1C2=CC=CC=C2C(=CC1=O)OCC(=O)NCCCN(C)CC3=CC=CC=C3,Inactive
38118,2000557.0,C1=CC=C(C(=C1)C2=NOC(=N2)CCC(=O)NC3=CN=CC=C3)Cl,Inactive
210136,6065228.0,COC1=CC=CC=C1/C=C/C(=O)OCCN2C(=O)C3=CC=CC=C3C2=O,Inactive
313901,1789328.0,CC1=C(C=C(C=C1)NC(=O)CCC(=O)NNC(=O)COC2=CC=CC=C2)C,Inactive
35956,3206892.0,CC1=CC=C(C=C1)S(=O)(=O)NCC(=O)N(CC2CCCO2)CC(=O)NCC3=CC=C(C=C3)F,Inactive
328721,16008408.0,CC1=C(C(=NC2=CC(=NN12)C3=CC=C(C=C3)Cl)C)CCC(=O)NC4=CC=CC=C4C(=O)OC,Inactive
348171,25163202.0,CCN(CC)S(=O)(=O)C1=C(C=CC(=C1)NC(=O)CC2=CC=C(S2)S(=O)(=O)N3CCOCC3)Cl,Inactive
174303,6603160.0,CCN(CC)CCOC(=O)C1=C(OC2=C1C=C(C=C2)OC)C.Cl,Inactive
69149,4085893.0,CC1=C(C(N2C(=NC=N2)N1)C3=CC=CC=C3F)C(=O)C,Inactive
84383,9551042.0,CCOC(=O)N1CCN(CC1)S(=O)(=O)C2=CC(=C(C=C2)F)C(=O)NC3=CC=C(C=C3)C(C)C,Inactive
200500,4857156.0,C1CC(OC1)CNC(=O)CSC2=NN(C(=S)S2)C3=CC=C(C=C3)F,Inactive
198463,16196202.0,CC1(CC(=O)CC2(C1)C3=C(C(CN2)C4=CC=CC=C4Cl)C5=CC=CC=C5N3)C.Cl,Inactive
367298,135524565.0,CCNC1=NC(=NC(=N1)N/N=C/C2=CC(=C(C=C2)O)OC)NCC,Inactive
243189,6851158.0,CC(C)(C)OC(=O)N[C@@H](CC1=CC=CC=C1)C(=O)N2CCC(CC2)C(=O)O,Inactive
211259,3983156.0,C1CN(CCN1CC(=O)NC2=CC(=CC(=C2)Cl)Cl)C3=CC=CC=N3,Inactive
330152,16010531.0,CC(=O)C1=CC(=CC=C1)N2C(=O)C3=C(N(C2=O)CC(=O)C4=CC=C(C=C4)Cl)SC5=C3CCN(C5)C(=O)C,Inactive
15363,3232138.0,COC1=CC=C(C=C1)CN2C3=C(C=C(C=C3)C(=O)NC4CCN(CC4)CC5=CC=CC=C5)NC2=O,Inactive
269412,1478824.0,COC1=CC2=C(C=C1)OCC(=C2)C(=O)OCC3=CN=CC=C3,Inactive
24852,1105141.0,C1=CC=C(C(=C1)C(=O)O)NC(=O)C2=C(C=CC(=C2)S(=O)(=O)NC3=CC(=CC=C3)F)Cl,Inactive
84115,3919688.0,CC1=C(C2=C(N1)C=CC(=C2)OC)CCN3C(=O)C4CC=CCC4C3=O,Inactive
303741,51361634.0,COC1=CC2=C(C=C1)NC=C2CCNC(=O)/C=C/[C@@H]3[C@H]([C@H]([C@@H](O3)N4C=NC5=C(N=CN=C54)NC(=O)C6=CC=CC=C6)O)O,Inactive
30229,3139396.0,CN1C2=C(N=C1NCCOC)N(C(=O)N(C2=O)CC3=CC=CC=C3F)C,Inactive
34767,2874111.0,COC1=CC=C(C=C1)/C=C(/C(=O)NCCN2CCOCC2)\NC(=O)C3=CC=CC=C3,Inactive
34734,3127518.0,CCOC1=CC=C(C=C1)NC(=O)C2CCCN2C(=O)OC3=CC=CC=C3,Inactive
44223,1169895.0,CCOC1=CC=C(C=C1)NC(=O)CSC2=NC=C(N2CC3=CC=CO3)C4=CC=C(C=C4)F,Inactive
150524,9567230.0,COC1=C(C=C(C=C1)/C=N/NC(=O)C2=NNC(=C2)C34CC5CC(C3)CC(C5)C4)O,Inactive
346982,25162066.0,C1CCN(CC1)C2=NC(=O)C(S2)CC(=O)NC3=CC=C(C=C3)C(=O)NCCC4=CC=C(C=C4)F,Inactive
225609,9205106.0,CC1=CC=C(C=C1)S(=O)(=O)N2CCN(CC2)CN3C(=O)CC4(C3=O)CCCC4,Inactive
126662,1355735.0,C1CCN(CC1)S(=O)(=O)C2=CC=C(C=C2)C(=O)NC3=CC=CC=C3C4=NC5=CC=CC=C5N4,Inactive
306894,77913.0,C1=CC=C(C=C1)N2C(=O)N=NC2=O,Inactive
109305,974709.0,CC1=CC=C(C=C1)SCC2=NC(=NO2)C3=CC=CC=C3,Inactive
261217,51359899.0,CC1=CC=C(C=C1)CN2CC(CS2(=O)=O)N3CCN(CC3)C4=CC=CC=N4,Inactive
104883,16191409.0,CC1=CC(=NN1C)CNCC2=C(N=C3N2C=CC=C3)C(=O)N(C)CC4=CC=CC=C4,Inactive
305323,42628101.0,COC1=C(C=C(C=C1)C2=CC3=C(C=C2)C(=O)C4=C(C=CC=C4S3(=O)=O)C(=O)NC[C@@H]5CCCO5)OC,Inactive
137079,3443463.0,CC1=CC=CC=C1CSC2=NC3=CC=CC=C3C(=O)N2CCNC(=O)C,Inactive
202121,3986167.0,C1COCCN1S(=O)(=O)C2=CC=C(C=C2)NC(=O)COC(=O)CNC(=O)C3=CC=CC=C3,Inactive
354803,2951426.0,C1COCCN1CCNC(=O)CC(C2=CC=CC=C2)C3=C(C=CC(=C3)Cl)O,Inactive
139230,570731.0,CCOC(=O)C(C(F)(F)F)(NCC1=CC=CC=C1OC)NC(=O)C2=CC=CC=C2,Inactive
196573,4020555.0,CC1CCCCC1NC(=S)NC2=C(C=C(C=C2)Cl)Cl,Inactive
36690,1140714.0,CC(=O)NC1=CC=C(C=C1)NC(=O)CS(=O)CC(=O)NC2=CC=C(C=C2)OC,Inactive
223561,4854954.0,CC1=C(C=C(C=C1)Cl)NC(=O)COC(=O)CC2CCCCC2,Inactive
112548,783843.0,CCN1CCC(CC1)N(C)C2CCCCC2,Inactive
373325,604525.0,CC1=C(C(=NN1CC(=O)NN)C)Br,Inactive
162715,2961794.0,CC(C(=O)NC(CC1=CC=C(C=C1)O)C(=O)OC)OC2=CC=CC=C2,Inactive
141411,752521.0,CC1(N=C(NC(=N1)NC2=CC(=CC=C2)Br)N)C,Inactive
274438,12006165.0,CCSC1=NN=C(C(=O)N1COC(=O)C2=CC=C(C=C2)S(=O)(=O)N3CCCC3)C,Inactive
217595,7149776.0,C1CCN(CC1)C2=CC=C(C=C2)NC(=O)COC3=CC4=C(C=C3)C=CC(=O)O4,Inactive
